DOCULECT	iso_code	CONCEPT	global_id	local_id	ASJP	cogid	notes	IPA	ID
SYRIAC_2	syc	I	1209	1	ena	21		ena	1
ARABIC_QURANIC	arb	I	1209	1	ana	21		ana	2
ARABIC_LEBANESE	apc	I	1209	1	ani	21		ani	3
GEEZ	gez	I	1209	1	ana	21		ana	4
TIGRAI	tir	I	1209	1	ane	21		ane	5
AMHARIC_3	amh	I	1209	1	3ne	21		əne	6
HARARI_2	har	I	1209	1	an	21		an	7
MEHRI_2	gdq	I	1209	1	hoh	22		hoh	8
JIBBALI	shv	I	1209	1	he	22	also: he7	he	9
SOQOTRI_2	sqt	I	1209	1	hohon	22		hohon	10
SIWA	siz	I	1209	1	niS	21	also: n3S	niʃ	11
GHADAMES_2	gha	I	1209	1	neS	21		neʃ	12
AHAGGAR	thv	I	1209	1	n3k	21		nək	13
ZENAGA_2	zen	I	1209	1	nik	21		nik	14
QABYLE	kab	I	1209	1	n3k	21		nək	15
HAUSA_3	hau	I	1209	1	na	21		na	16
BOLEWA	bol	I	1209	1	ina	21		ina	17
BEJA_2	bej	I	1209	1	ani	21		ani	18
OROMO	gaz	I	1209	1	ana	21	also: ani	ana	19
DAHALO_2	dal	I	1209	1	a5i	21		aɲi	20
KAFFA	kbr	I	1209	1	ta	24		ta	21
SYRIAC_2	syc	come	1446	66	ty	3		tj	22
ARABIC_QURANIC	arb	come	1446	66	ty	3	also: j7y	tj	23
ARABIC_LEBANESE	apc	come	1446	66	3Za	4		əʒa	24
GEEZ	gez	come	1446	66	mc7	5		mt͡sʔ	25
TIGRAI	tir	come	1446	66	masX~7e	5		masχʔe	26
AMHARIC_3	amh	come	1446	66	m3ta	5		məta	27
MEHRI_2	gdq	come	1446	66	nukaX	6		nukaχ	28
JIBBALI	shv	come	1446	66	nikaX	6		nikaχ	29
SOQOTRI_2	sqt	come	1446	66	gedah	7		ɡedah	30
SIWA	siz	come	1446	66	us	9		us	31
GHADAMES_2	gha	come	1446	66	as	9		as	32
AHAGGAR	thv	come	1446	66	as	9		as	33
ZENAGA_2	zen	come	1446	66	Sed	10		ʃed	34
QABYLE	kab	come	1446	66	as	9		as	35
HAUSA_3	hau	come	1446	66	zo	11		zo	36
BOLEWA	bol	come	1446	66	diNgo	12		diŋɡo	37
BEJA_2	bej	come	1446	66	yit	8	also: i	jit	38
OROMO	gaz	come	1446	66	dufa	13		dufa	39
DAHALO_2	dal	come	1446	66	haX	14		haχ	40
KAFFA	kbr	come	1446	66	wa	8		wa	41
SYRIAC_2	syc	water	948	75	maye	1		maje	42
ARABIC_QURANIC	arb	water	948	75	ma	1		ma	43
ARABIC_LEBANESE	apc	water	948	75	may	1		maj	44
GEEZ	gez	water	948	75	may	1		maj	45
TIGRAI	tir	water	948	75	may	1		maj	46
HARARI_2	har	water	948	75	miy	1		mij	47
MEHRI_2	gdq	water	948	75	Xemuh	1		χemuh	48
JIBBALI	shv	water	948	75	mih	1		mih	49
SOQOTRI_2	sqt	water	948	75	riho	2		riho	50
SIWA	siz	water	948	75	aman	3		aman	51
GHADAMES_2	gha	water	948	75	aman	3		aman	52
AHAGGAR	thv	water	948	75	aman	3		aman	53
ZENAGA_2	zen	water	948	75	aman	3	also: am3nh~	aman	54
QABYLE	kab	water	948	75	aman	3		aman	55
HAUSA_3	hau	water	948	75	ruwa	2		ruwa	56
BOLEWA	bol	water	948	75	3ma	3		əma	57
BEJA_2	bej	water	948	75	yam	3		jam	58
OROMO	gaz	water	948	75	bisan	4		bisan	59
DAHALO_2	dal	water	948	75	ma7a	1		maʔa	60
KAFFA	kbr	water	948	75	aCo	5		at͡ʃo	61
SYRIAC_2	syc	mountain	639	86	tX~ur	53		tχur	62
ARABIC_QURANIC	arb	mountain	639	86	Zabal	54		ʒabal	63
ARABIC_LEBANESE	apc	mountain	639	86	Zabel	54		ʒabel	64
GEEZ	gez	mountain	639	86	dab3r	55		dabər	65
AMHARIC_3	amh	mountain	639	86	t3rara	56		tərara	66
HARARI_2	har	mountain	639	86	sEri	57		sɛri	67
MEHRI_2	gdq	mountain	639	86	karmaym	58		karmajm	68
JIBBALI	shv	mountain	639	86	her	59		her	69
SOQOTRI_2	sqt	mountain	639	86	fedehon	60		fedehon	70
SIWA	siz	mountain	639	86	adrar	62		adrar	71
GHADAMES_2	gha	mountain	639	86	adurar	62		adurar	72
AHAGGAR	thv	mountain	639	86	adrar	62		adrar	73
QABYLE	kab	mountain	639	86	adrar	62		adrar	74
HAUSA_3	hau	mountain	639	86	"duC""e"	63		dut͡ʃʼe	75
BOLEWA	bol	mountain	639	86	guoS3w	64		ɡuoʃəw	76
OROMO	gaz	mountain	639	86	tulu	65		tulu	77
KAFFA	kbr	mountain	639	86	gudo	66		ɡudo	78
SYRIAC_2	syc	sun	1343	72	SemS	1		ʃemʃ	79
ARABIC_QURANIC	arb	sun	1343	72	Sams	1		ʃams	80
ARABIC_LEBANESE	apc	sun	1343	72	Sam3s	1		ʃaməs	81
GEEZ	gez	sun	1343	72	daXay	2		daχaj	82
TIGRAI	tir	sun	1343	72	sX~aXay	2		sχaχaj	83
AMHARIC_3	amh	sun	1343	72	tehay	2	also: s3hay, tay	tehaj	84
HARARI_2	har	sun	1343	72	ir	3		ir	85
MEHRI_2	gdq	sun	1343	72	X3yum	4		χəjum	86
JIBBALI	shv	sun	1343	72	yum	4		jum	87
SOQOTRI_2	sqt	sun	1343	72	Sam	1		ʃam	88
SIWA	siz	sun	1343	72	tfukt	6		tfukt	89
GHADAMES_2	gha	sun	1343	72	isi	7		isi	90
AHAGGAR	thv	sun	1343	72	tafuk	6		tafuk	91
ZENAGA_2	zen	sun	1343	72	t37fukt	6		təʔfukt	92
QABYLE	kab	sun	1343	72	itiZ	8		itiʒ	93
HAUSA_3	hau	sun	1343	72	rana	9		rana	94
BOLEWA	bol	sun	1343	72	futi	10		futi	95
BEJA_2	bej	sun	1343	72	yin	11	also: in	jin	96
OROMO	gaz	sun	1343	72	adu	12		adu	97
KAFFA	kbr	sun	1343	72	abo	13		abo	98
SYRIAC_2	syc	star	1430	74	kawb3b	71		kawbəb	99
ARABIC_QURANIC	arb	star	1430	74	kawkab	71		kawkab	100
ARABIC_LEBANESE	apc	star	1430	74	niZmi	72		niʒmi	101
GEEZ	gez	star	1430	74	kokab	71		kokab	102
TIGRAI	tir	star	1430	74	kokob	71		kokob	103
AMHARIC_3	amh	star	1430	74	kok3b	71		kokəb	104
HARARI_2	har	star	1430	74	tuy	73		tuj	105
MEHRI_2	gdq	star	1430	74	kebkib	71		kebkib	106
JIBBALI	shv	star	1430	74	k3bkeb	71		kəbkeb	107
SOQOTRI_2	sqt	star	1430	74	kibSib	71		kibʃib	108
SIWA	siz	star	1430	74	iri	75		iri	109
GHADAMES_2	gha	star	1430	74	iri	75		iri	110
AHAGGAR	thv	star	1430	74	atri	76		atri	111
ZENAGA_2	zen	star	1430	74	ed3ri	76		edəri	112
QABYLE	kab	star	1430	74	itri	76		itri	113
HAUSA_3	hau	star	1430	74	tauraro	76		tauraro	114
BOLEWA	bol	star	1430	74	janja	77		d͡ʒand͡ʒa	115
BEJA_2	bej	star	1430	74	hayuk	78		hajuk	116
OROMO	gaz	star	1430	74	urji	79		urd͡ʒi	117
KAFFA	kbr	star	1430	74	tojano	80		tod͡ʒano	118
SYRIAC_2	syc	one	1493	11	Xad	72		χad	119
ARABIC_QURANIC	arb	one	1493	11	waXid	72		waχid	120
ARABIC_LEBANESE	apc	one	1493	11	w3Xad	72		wəχad	121
GEEZ	gez	one	1493	11	aXadu	72		aχadu	122
TIGRAI	tir	one	1493	11	Xada	72		χada	123
AMHARIC_3	amh	one	1493	11	and	72		and	124
HARARI_2	har	one	1493	11	aXad	72		aχad	125
MEHRI_2	gdq	one	1493	11	tat	73	also: tayt	tat	126
JIBBALI	shv	one	1493	11	tad	73		tad	127
SOQOTRI_2	sqt	one	1493	11	tad	73		tad	128
SIWA	siz	one	1493	11	3j3n	74		əd͡ʒən	129
GHADAMES_2	gha	one	1493	11	yun	74		jun	130
AHAGGAR	thv	one	1493	11	y3n	74	also: iyan	jən	131
ZENAGA_2	zen	one	1493	11	yu7u	74	also: 3yu7n	juʔu	132
QABYLE	kab	one	1493	11	yiw3n	74		jiwən	133
HAUSA_3	hau	one	1493	11	daya	75		daja	134
BOLEWA	bol	one	1493	11	modi	75		modi	135
BEJA_2	bej	one	1493	11	gar	76	also: gal	ɡar	136
OROMO	gaz	one	1493	11	toko	77		toko	137
DAHALO_2	dal	one	1493	11	watukw~e	77		watukʷe	138
KAFFA	kbr	one	1493	11	iko	78		iko	139
SYRIAC_2	syc	two	1498	12	taren	52		taren	140
ARABIC_QURANIC	arb	two	1498	12	i8nani	51		iθnani	141
ARABIC_LEBANESE	apc	two	1498	12	tneyn	51		tnejn	142
GEEZ	gez	two	1498	12	k3l7e	53		kəlʔe	143
TIGRAI	tir	two	1498	12	k3l3te	53		kələte	144
AMHARIC_3	amh	two	1498	12	hul3t	53		hulət	145
HARARI_2	har	two	1498	12	ko7ot	53		koʔot	146
MEHRI_2	gdq	two	1498	12	deroh	52		deroh	147
JIBBALI	shv	two	1498	12	troh	52		troh	148
SOQOTRI_2	sqt	two	1498	12	tiro	52		tiro	149
SIWA	siz	two	1498	12	s3n	51		sən	150
GHADAMES_2	gha	two	1498	12	s3n	51		sən	151
AHAGGAR	thv	two	1498	12	3sin	51		əsin	152
ZENAGA_2	zen	two	1498	12	Sinan	51		ʃinan	153
QABYLE	kab	two	1498	12	sin	51		sin	154
HAUSA_3	hau	two	1498	12	biyu	54		biju	155
BOLEWA	bol	two	1498	12	bolo	54		bolo	156
BEJA_2	bej	two	1498	12	malo	55		malo	157
OROMO	gaz	two	1498	12	lama	56		lama	158
DAHALO_2	dal	two	1498	12	li	56		li	159
KAFFA	kbr	two	1498	12	guto	57		ɡuto	160
SYRIAC_2	syc	stone	857	77	k3p	82		kəp	161
ARABIC_QURANIC	arb	stone	857	77	XaZar	83		χaʒar	162
ARABIC_LEBANESE	apc	stone	857	77	XaZar	83		χaʒar	163
GEEZ	gez	stone	857	77	3b3n	81		əbən	164
TIGRAI	tir	stone	857	77	3m3ni	81		əməni	165
HARARI_2	har	stone	857	77	un	81		un	166
MEHRI_2	gdq	stone	857	77	cower	84		t͡sower	167
JIBBALI	shv	stone	857	77	fudun	85		fudun	168
SOQOTRI_2	sqt	stone	857	77	oben	81		oben	169
SIWA	siz	stone	857	77	txox3t	87		txoxət	170
GHADAMES_2	gha	stone	857	77	ir3g	88		irəɡ	171
AHAGGAR	thv	stone	857	77	ablal	89		ablal	172
ZENAGA_2	zen	stone	857	77	ti7rg3t	88		tiʔrɡət	173
QABYLE	kab	stone	857	77	adxax	90		adxax	174
HAUSA_3	hau	stone	857	77	"duc""e"	91		dut͡sʼe	175
BOLEWA	bol	stone	857	77	guso	92		ɡuso	176
OROMO	gaz	stone	857	77	daga	93		daɡa	177
KAFFA	kbr	stone	857	77	taqo	94		taqo	178
SYRIAC_2	syc	skin	763	28	meSk	71		meʃk	179
ARABIC_QURANIC	arb	skin	763	28	Zild	73		ʒild	180
ARABIC_LEBANESE	apc	skin	763	28	Zild	73		ʒild	181
GEEZ	gez	skin	763	28	maX3s	74		maχəs	182
TIGRAI	tir	skin	763	28	kw~3rbat	75		kʷərbat	183
AMHARIC_3	amh	skin	763	28	kod3	76		kodə	184
MEHRI_2	gdq	skin	763	28	gEd	73		ɡɛd	185
JIBBALI	shv	skin	763	28	god	73		ɡod	186
SOQOTRI_2	sqt	skin	763	28	gad	73		ɡad	187
SIWA	siz	skin	763	28	il3m	77		iləm	188
GHADAMES_2	gha	skin	763	28	il3m	77		iləm	189
AHAGGAR	thv	skin	763	28	el3m	77		eləm	190
ZENAGA_2	zen	skin	763	28	3j3m	77		əd͡ʒəm	191
QABYLE	kab	skin	763	28	agw~lim	78		aɡʷlim	192
HAUSA_3	hau	skin	763	28	fata	79		fata	193
BOLEWA	bol	skin	763	28	iSi	80		iʃi	194
BEJA_2	bej	skin	763	28	ada	81		ada	195
OROMO	gaz	skin	763	28	goga	82		ɡoɡa	196
DAHALO_2	dal	skin	763	28	gino	83		ɡino	197
KAFFA	kbr	skin	763	28	goko	82	also: goqo	ɡoko	198
SYRIAC_2	syc	fire	221	82	nur	92		nur	199
ARABIC_QURANIC	arb	fire	221	82	nar	92		nar	200
ARABIC_LEBANESE	apc	fire	221	82	nar	92		nar	201
GEEZ	gez	fire	221	82	3sat	91		əsat	202
TIGRAI	tir	fire	221	82	Xawi	93		χawi	203
AMHARIC_3	amh	fire	221	82	3sat	91		əsat	204
HARARI_2	har	fire	221	82	isat	91		isat	205
MEHRI_2	gdq	fire	221	82	siwot	94		siwot	206
JIBBALI	shv	fire	221	82	Sot	94		ʃot	207
SOQOTRI_2	sqt	fire	221	82	Siyat	94		ʃijat	208
SIWA	siz	fire	221	82	t3msi	97		təmsi	209
GHADAMES_2	gha	fire	221	82	ufa	98		ufa	210
AHAGGAR	thv	fire	221	82	temse	97		temse	211
ZENAGA_2	zen	fire	221	82	ozun	99		ozun	212
QABYLE	kab	fire	221	82	tim3s	97		timəs	213
HAUSA_3	hau	fire	221	82	wuta	10		wuta	214
BOLEWA	bol	fire	221	82	w3si	91		wəsi	215
BEJA_2	bej	fire	221	82	n7a	1		nʔa	216
OROMO	gaz	fire	221	82	ibida	2	also: abida	ibida	217
DAHALO_2	dal	fire	221	82	ega	3		eɡa	218
KAFFA	kbr	fire	221	82	qaqo	4		qaqo	219
SYRIAC_2	syc	fish	227	19	nun	11		nun	220
ARABIC_QURANIC	arb	fish	227	19	Xut	13		χut	221
ARABIC_LEBANESE	apc	fish	227	19	nun	11		nun	222
HARARI_2	har	fish	227	19	tulEm	14		tulɛm	223
MEHRI_2	gdq	fish	227	19	cayd	15		t͡sajd	224
JIBBALI	shv	fish	227	19	cod	15		t͡sod	225
SOQOTRI_2	sqt	fish	227	19	sode	15		sode	226
GHADAMES_2	gha	fish	227	19	ulisma	17		ulisma	227
AHAGGAR	thv	fish	227	19	asulm3y	17		asulməj	228
ZENAGA_2	zen	fish	227	19	sijman	17		sid͡ʒman	229
QABYLE	kab	fish	227	19	asl3m	17		asləm	230
HAUSA_3	hau	fish	227	19	kifi	18		kifi	231
BOLEWA	bol	fish	227	19	kirwo	18		kirwo	232
BEJA_2	bej	fish	227	19	asa	19	also: ase	asa	233
OROMO	gaz	fish	227	19	qurtumi	20		qurtumi	234
DAHALO_2	dal	fish	227	19	mb~alabe	21		mbalabe	235
KAFFA	kbr	fish	227	19	haso	19		haso	236
SYRIAC_2	syc	dog	2009	21	kalb	31		kalb	237
ARABIC_QURANIC	arb	dog	2009	21	kalb	31		kalb	238
ARABIC_LEBANESE	apc	dog	2009	21	kal3b	31		kaləb	239
GEEZ	gez	dog	2009	21	kal3b	31		kaləb	240
TIGRAI	tir	dog	2009	21	kalbi	31		kalbi	241
MEHRI_2	gdq	dog	2009	21	mbayl	32		mbajl	242
JIBBALI	shv	dog	2009	21	kob	31		kob	243
SIWA	siz	dog	2009	21	agurz3ni	35		aɡurzəni	244
GHADAMES_2	gha	dog	2009	21	idi	36		idi	245
AHAGGAR	thv	dog	2009	21	eydi	36		ejdi	246
ZENAGA_2	zen	dog	2009	21	idi	36		idi	247
QABYLE	kab	dog	2009	21	aydi	36		ajdi	248
HAUSA_3	hau	dog	2009	21	kare	37		kare	249
BOLEWA	bol	dog	2009	21	kuti	38		kuti	250
BEJA_2	bej	dog	2009	21	yas	39		jas	251
OROMO	gaz	dog	2009	21	sare	40		sare	252
DAHALO_2	dal	dog	2009	21	naXete	41		naχete	253
KAFFA	kbr	dog	2009	21	kuna5	42		kunaɲ	254
SYRIAC_2	syc	louse	1392	22	kalm3t	73		kalmət	255
ARABIC_QURANIC	arb	louse	1392	22	kumal	73		kumal	256
ARABIC_LEBANESE	apc	louse	1392	22	amol	73		amol	257
GEEZ	gez	louse	1392	22	kw~3mal	73		kʷəmal	258
TIGRAI	tir	louse	1392	22	kw3mal	73		kwəmal	259
AMHARIC_3	amh	louse	1392	22	k3mal	73		kəmal	260
HARARI_2	har	louse	1392	22	kumay	73		kumaj	261
MEHRI_2	gdq	louse	1392	22	kenmit	72		kenmit	262
JIBBALI	shv	louse	1392	22	sinit	72		sinit	263
SOQOTRI_2	sqt	louse	1392	22	konum	72		konum	264
SIWA	siz	louse	1392	22	talS3t	75		talʃət	265
GHADAMES_2	gha	louse	1392	22	tal3kt	75		taləkt	266
AHAGGAR	thv	louse	1392	22	tilik	75		tilik	267
ZENAGA_2	zen	louse	1392	22	t3l3kt	75		tələkt	268
QABYLE	kab	louse	1392	22	tilkit	75		tilkit	269
HAUSA_3	hau	louse	1392	22	kw~arkw~ata	76		kʷarkʷata	270
BOLEWA	bol	louse	1392	22	j3Nk3ri	77		d͡ʒəŋkəri	271
BEJA_2	bej	louse	1392	22	tat	78		tat	272
OROMO	gaz	louse	1392	22	injiran	79	pl	ind͡ʒiran	273
DAHALO_2	dal	louse	1392	22	itore	78		itore	274
KAFFA	kbr	louse	1392	22	Cindo	80		t͡ʃindo	275
SYRIAC_2	syc	tree	906	23	ilan	32		ilan	276
ARABIC_QURANIC	arb	tree	906	23	SaZar	33		ʃaʒar	277
ARABIC_LEBANESE	apc	tree	906	23	SaZar	33		ʃaʒar	278
GEEZ	gez	tree	906	23	X3d	31		χəd	279
TIGRAI	tir	tree	906	23	om	34		om	280
HARARI_2	har	tree	906	23	lEfu	35		lɛfu	281
MEHRI_2	gdq	tree	906	23	h3rmayt	36		hərmajt	282
JIBBALI	shv	tree	906	23	heyrom	36		hejrom	283
SOQOTRI_2	sqt	tree	906	23	Sirohom	36		ʃirohom	284
GHADAMES_2	gha	tree	906	23	temdikt	39		temdikt	285
AHAGGAR	thv	tree	906	23	aS3k	40		aʃək	286
ZENAGA_2	zen	tree	906	23	aSa7r	41		aʃaʔr	287
HAUSA_3	hau	tree	906	23	itaCe	42		itat͡ʃe	288
BOLEWA	bol	tree	906	23	Soiwi	43		ʃoiwi	289
OROMO	gaz	tree	906	23	muqa	44		muqa	290
DAHALO_2	dal	tree	906	23	koro	45		koro	291
KAFFA	kbr	tree	906	23	mito	46		mito	292
SYRIAC_2	syc	leaf	628	25	tX~arp	93		tχarp	293
ARABIC_QURANIC	arb	leaf	628	25	warakat	94		warakat	294
ARABIC_LEBANESE	apc	leaf	628	25	wara7a	94		waraʔa	295
GEEZ	gez	leaf	628	25	kw~ac3l	95		kʷat͡səl	296
TIGRAI	tir	leaf	628	25	qw~asX~li	95		qʷasχli	297
AMHARIC_3	amh	leaf	628	25	k3t3l	95		kətəl	298
HARARI_2	har	leaf	628	25	kuti	95		kuti	299
MEHRI_2	gdq	leaf	628	25	cxalfot	96		t͡sxalfot	300
JIBBALI	shv	leaf	628	25	cxiZfot	96		t͡sxiʒfot	301
SOQOTRI_2	sqt	leaf	628	25	saXlifo	96		saχlifo	302
GHADAMES_2	gha	leaf	628	25	t3fra	98		təfra	303
AHAGGAR	thv	leaf	628	25	afraw	98		afraw	304
QABYLE	kab	leaf	628	25	if3r	98		ifər	305
HAUSA_3	hau	leaf	628	25	ga5e	99		ɡaɲe	306
BOLEWA	bol	leaf	628	25	owu	10		owu	307
BEJA_2	bej	leaf	628	25	baya	1		baja	308
OROMO	gaz	leaf	628	25	bala	1		bala	309
DAHALO_2	dal	leaf	628	25	Sabune	2		ʃabune	310
KAFFA	kbr	leaf	628	25	wamo	3		wamo	311
SYRIAC_2	syc	night	1233	92	lely	32		lelj	312
ARABIC_QURANIC	arb	night	1233	92	laylat	32		lajlat	313
ARABIC_LEBANESE	apc	night	1233	92	layl	32		lajl	314
GEEZ	gez	night	1233	92	lelit	32		lelit	315
TIGRAI	tir	night	1233	92	layti	32		lajti	316
AMHARIC_3	amh	night	1233	92	let	32	also: lelit	let	317
HARARI_2	har	night	1233	92	lEyli	32	also: leli	lɛjli	318
MEHRI_2	gdq	night	1233	92	Xacar	33		χat͡sar	319
JIBBALI	shv	night	1233	92	Xac3r	33		χat͡sər	320
SOQOTRI_2	sqt	night	1233	92	hte	34		hte	321
SIWA	siz	night	1233	92	it	37		it	322
GHADAMES_2	gha	night	1233	92	ibed	37		ibed	323
AHAGGAR	thv	night	1233	92	ehod	37		ehod	324
ZENAGA_2	zen	night	1233	92	id	37		id	325
QABYLE	kab	night	1233	92	id	37		id	326
HAUSA_3	hau	night	1233	92	dare	38		dare	327
BOLEWA	bol	night	1233	92	bodi	37		bodi	328
BEJA_2	bej	night	1233	92	hawad	39		hawad	329
OROMO	gaz	night	1233	92	halkan	40		halkan	330
DAHALO_2	dal	night	1233	92	hima	41		hima	331
KAFFA	kbr	night	1233	92	tumo	42		tumo	332
SYRIAC_2	syc	blood	946	30	d3m	81		dəm	333
ARABIC_QURANIC	arb	blood	946	30	dam	81		dam	334
ARABIC_LEBANESE	apc	blood	946	30	dam	81		dam	335
GEEZ	gez	blood	946	30	dam	81		dam	336
TIGRAI	tir	blood	946	30	dam	81		dam	337
AMHARIC_3	amh	blood	946	30	d3m	81		dəm	338
HARARI_2	har	blood	946	30	dEm	81		dɛm	339
MEHRI_2	gdq	blood	946	30	doreh	82		doreh	340
JIBBALI	shv	blood	946	30	dohr	82		dohr	341
SOQOTRI_2	sqt	blood	946	30	dEr	82		dɛr	342
SIWA	siz	blood	946	30	idam3n	81		idamən	343
GHADAMES_2	gha	blood	946	30	demen	81		demen	344
AHAGGAR	thv	blood	946	30	ahni	83		ahni	345
ZENAGA_2	zen	blood	946	30	d3m3nh~	81		dəməⁿʰ	346
QABYLE	kab	blood	946	30	idam3n	81		idamən	347
HAUSA_3	hau	blood	946	30	jini	83		d͡ʒini	348
BOLEWA	bol	blood	946	30	domi	81		domi	349
BEJA_2	bej	blood	946	30	boy	84		boj	350
OROMO	gaz	blood	946	30	diga	85		diɡa	351
KAFFA	kbr	blood	946	30	damo	81		damo	352
SYRIAC_2	syc	full	1429	95	m3le	61		məle	353
ARABIC_QURANIC	arb	full	1429	95	mal7an	61		malʔan	354
ARABIC_LEBANESE	apc	full	1429	95	m3lin	61		məlin	355
GEEZ	gez	full	1429	95	m3lu7	61		məluʔ	356
TIGRAI	tir	full	1429	95	mulu7	61		muluʔ	357
AMHARIC_3	amh	full	1429	95	m3lu	61		məlu	358
HARARI_2	har	full	1429	95	mulu7	61		muluʔ	359
MEHRI_2	gdq	full	1429	95	mila7	61		milaʔ	360
JIBBALI	shv	full	1429	95	miZi7	61		miʒiʔ	361
SOQOTRI_2	sqt	full	1429	95	mili	61		mili	362
SIWA	siz	full	1429	95	Cur	63		t͡ʃur	363
GHADAMES_2	gha	full	1429	95	etkur	63		etkur	364
AHAGGAR	thv	full	1429	95	3tk3r	63		ətkər	365
ZENAGA_2	zen	full	1429	95	tufurt	64		tufurt	366
QABYLE	kab	full	1429	95	aCaran	63		at͡ʃaran	367
HAUSA_3	hau	full	1429	95	Cika	65		t͡ʃika	368
BOLEWA	bol	full	1429	95	gamt	66	also: gw~unt	ɡamt	369
BEJA_2	bej	full	1429	95	atab	67		atab	370
OROMO	gaz	full	1429	95	gutu	68		ɡutu	371
KAFFA	kbr	full	1429	95	Cen	69		t͡ʃen	372
SYRIAC_2	syc	new	1231	96	Xad3t	11		χadət	373
ARABIC_QURANIC	arb	new	1231	96	Zadid	12		ʒadid	374
ARABIC_LEBANESE	apc	new	1231	96	Zdid	12		ʒdid	375
GEEZ	gez	new	1231	96	Xadis	11		χadis	376
TIGRAI	tir	new	1231	96	Xadis	11		χadis	377
AMHARIC_3	amh	new	1231	96	adis	11		adis	378
HARARI_2	har	new	1231	96	Xajis	11		χad͡ʒis	379
MEHRI_2	gdq	new	1231	96	Xeydin	13		χejdin	380
JIBBALI	shv	new	1231	96	odin	13		odin	381
SIWA	siz	new	1231	96	atrar	16		atrar	382
AHAGGAR	thv	new	1231	96	inay	17		inaj	383
ZENAGA_2	zen	new	1231	96	3n3n	17	also: 3y3n	ənən	384
HAUSA_3	hau	new	1231	96	sabo	18		sabo	385
BOLEWA	bol	new	1231	96	poyo	19		pojo	386
BEJA_2	bej	new	1231	96	ga	20		ɡa	387
OROMO	gaz	new	1231	96	hara	21		hara	388
KAFFA	kbr	new	1231	96	andero	22		andero	389
SYRIAC_2	syc	we	1212	3	X3nan	11		χənan	390
ARABIC_QURANIC	arb	we	1212	3	naXnu	11		naχnu	391
ARABIC_LEBANESE	apc	we	1212	3	neXni	11		neχni	392
GEEZ	gez	we	1212	3	n3Xna	11		nəχna	393
TIGRAI	tir	we	1212	3	n3Xna	11		nəχna	394
AMHARIC_3	amh	we	1212	3	35a	11		əɲa	395
HARARI_2	har	we	1212	3	35a	11		əɲa	396
MEHRI_2	gdq	we	1212	3	nXah	11		nχah	397
JIBBALI	shv	we	1212	3	nh~an	11		ⁿʰan	398
SOQOTRI_2	sqt	we	1212	3	hanhen	11		hanhen	399
SIWA	siz	we	1212	3	nC~ini	11		ⁿt͡ʃini	400
GHADAMES_2	gha	we	1212	3	nekenin	11		nekenin	401
AHAGGAR	thv	we	1212	3	n3kanid	11		nəkanid	402
ZENAGA_2	zen	we	1212	3	n3kni	11		nəkni	403
QABYLE	kab	we	1212	3	n3kw~ni	11		nəkʷni	404
HAUSA_3	hau	we	1212	3	mu	12		mu	405
BOLEWA	bol	we	1212	3	mimu	12		mimu	406
BEJA_2	bej	we	1212	3	hanin	11		hanin	407
OROMO	gaz	we	1212	3	nu	11	also: nuy	nu	408
DAHALO_2	dal	we	1212	3	5a5i	11		ɲaɲi	409
KAFFA	kbr	we	1212	3	nu	11		nu	410
SYRIAC_2	syc	horn	1393	34	karn	11		karn	411
ARABIC_LEBANESE	apc	horn	1393	34	aran	11		aran	412
GEEZ	gez	horn	1393	34	karn	11		karn	413
TIGRAI	tir	horn	1393	34	karni	11		karni	414
AMHARIC_3	amh	horn	1393	34	k3nd~	11		kəⁿd	415
HARARI_2	har	horn	1393	34	kEr	11		kɛr	416
MEHRI_2	gdq	horn	1393	34	kon	11		kon	417
JIBBALI	shv	horn	1393	34	kuhn	11		kuhn	418
SOQOTRI_2	sqt	horn	1393	34	kan	11		kan	419
SIWA	siz	horn	1393	34	aCao	13		at͡ʃao	420
GHADAMES_2	gha	horn	1393	34	aSkaw	13		aʃkaw	421
AHAGGAR	thv	horn	1393	34	is3k	13		isək	422
ZENAGA_2	zen	horn	1393	34	t3sken	13		təsken	423
QABYLE	kab	horn	1393	34	iS	13		iʃ	424
HAUSA_3	hau	horn	1393	34	kaho	14		kaho	425
BOLEWA	bol	horn	1393	34	"b""olu"	15		bʼolu	426
BEJA_2	bej	horn	1393	34	da7	16		daʔ	427
OROMO	gaz	horn	1393	34	gafa	17		ɡafa	428
DAHALO_2	dal	horn	1393	34	tumpo	18		tumpo	429
SYRIAC_2	syc	name	1405	100	S3m	81		ʃəm	430
ARABIC_QURANIC	arb	name	1405	100	ism	81		ism	431
ARABIC_LEBANESE	apc	name	1405	100	3s3m	81		əsəm	432
GEEZ	gez	name	1405	100	s3m	81		səm	433
TIGRAI	tir	name	1405	100	s3m	81		səm	434
AMHARIC_3	amh	name	1405	100	s3m	81		səm	435
HARARI_2	har	name	1405	100	sum	81		sum	436
MEHRI_2	gdq	name	1405	100	ham	81		ham	437
JIBBALI	shv	name	1405	100	Sum	81		ʃum	438
SOQOTRI_2	sqt	name	1405	100	Sem	81		ʃem	439
GHADAMES_2	gha	name	1405	100	ism	81		ism	440
AHAGGAR	thv	name	1405	100	is3m	81		isəm	441
ZENAGA_2	zen	name	1405	100	eS3m	81		eʃəm	442
QABYLE	kab	name	1405	100	is3m	81		isəm	443
HAUSA_3	hau	name	1405	100	suna	81		suna	444
BOLEWA	bol	name	1405	100	siNkwo	81		siŋkwo	445
OROMO	gaz	name	1405	100	maqa	83		maqa	446
DAHALO_2	dal	name	1405	100	sare	84		sare	447
KAFFA	kbr	name	1405	100	Sigo	85		ʃiɡo	448
SYRIAC_2	syc	ear	1247	39	edn	81		edn	449
ARABIC_QURANIC	arb	ear	1247	39	un	81		un	450
ARABIC_LEBANESE	apc	ear	1247	39	3d3n	81		ədən	451
GEEZ	gez	ear	1247	39	3z3n	81		əzən	452
TIGRAI	tir	ear	1247	39	3zni	81		əzni	453
HARARI_2	har	ear	1247	39	uzun	81		uzun	454
MEHRI_2	gdq	ear	1247	39	haydin	81		hajdin	455
JIBBALI	shv	ear	1247	39	idEn	81		idɛn	456
SOQOTRI_2	sqt	ear	1247	39	idih3n	81		idihən	457
SIWA	siz	ear	1247	39	tam3zuht	83		taməzuht	458
GHADAMES_2	gha	ear	1247	39	is3m	84		isəm	459
AHAGGAR	thv	ear	1247	39	tam3zuk	83		taməzuk	460
ZENAGA_2	zen	ear	1247	39	tamazgud	83		tamazɡud	461
QABYLE	kab	ear	1247	39	am3zux	83		aməzux	462
HAUSA_3	hau	ear	1247	39	kune	85		kune	463
BOLEWA	bol	ear	1247	39	kumi	85		kumi	464
BEJA_2	bej	ear	1247	39	angwil	86		anɡwil	465
OROMO	gaz	ear	1247	39	gura	87		ɡura	466
DAHALO_2	dal	ear	1247	39	agaZo	88		aɡaʒo	467
KAFFA	kbr	ear	1247	39	wamo	89		wamo	468
SYRIAC_2	syc	eye	1248	40	ayn	41		ajn	469
ARABIC_QURANIC	arb	eye	1248	40	Xayn	41		χajn	470
ARABIC_LEBANESE	apc	eye	1248	40	Xayn	41		χajn	471
GEEZ	gez	eye	1248	40	Xayn	41		χajn	472
TIGRAI	tir	eye	1248	40	Xayni	41		χajni	473
AMHARIC_3	amh	eye	1248	40	ayn	41		ajn	474
HARARI_2	har	eye	1248	40	in	41		in	475
MEHRI_2	gdq	eye	1248	40	Xayn	41		χajn	476
JIBBALI	shv	eye	1248	40	Xihn	41		χihn	477
SOQOTRI_2	sqt	eye	1248	40	Xayn	41		χajn	478
SIWA	siz	eye	1248	40	t3t	44		tət	479
GHADAMES_2	gha	eye	1248	40	aw3l	42		awəl	480
AHAGGAR	thv	eye	1248	40	tit	44		tit	481
ZENAGA_2	zen	eye	1248	40	tud	44		tud	482
QABYLE	kab	eye	1248	40	tit	44		tit	483
HAUSA_3	hau	eye	1248	40	ido	44		ido	484
BOLEWA	bol	eye	1248	40	idi	44		idi	485
BEJA_2	bej	eye	1248	40	lili	42		lili	486
OROMO	gaz	eye	1248	40	ija	42		id͡ʒa	487
DAHALO_2	dal	eye	1248	40	ila	42		ila	488
KAFFA	kbr	eye	1248	40	afo	45		afo	489
SYRIAC_2	syc	nose	1221	41	neXir	52		neχir	490
ARABIC_QURANIC	arb	nose	1221	41	anf	51		anf	491
ARABIC_LEBANESE	apc	nose	1221	41	m3nXar	52		mənχar	492
GEEZ	gez	nose	1221	41	anf	51		anf	493
TIGRAI	tir	nose	1221	41	af3nCa	53		afənt͡ʃa	494
AMHARIC_3	amh	nose	1221	41	3f3nCa	53		əfənt͡ʃa	495
HARARI_2	har	nose	1221	41	uf	51		uf	496
MEHRI_2	gdq	nose	1221	41	neXrir	52		neχrir	497
JIBBALI	shv	nose	1221	41	nahrer	52		nahrer	498
SOQOTRI_2	sqt	nose	1221	41	nahrir	52		nahrir	499
SIWA	siz	nose	1221	41	tanz~art	55		taⁿzart	500
GHADAMES_2	gha	nose	1221	41	t3nzart	55		tənzart	501
AHAGGAR	thv	nose	1221	41	a5giur	52		aɲɡiur	502
ZENAGA_2	zen	nose	1221	41	tinZ3r3n	55		tinʒərən	503
QABYLE	kab	nose	1221	41	anzar3n	55	pl	anzarən	504
HAUSA_3	hau	nose	1221	41	nanCi	56		nant͡ʃi	505
BOLEWA	bol	nose	1221	41	wintu	56		wintu	506
BEJA_2	bej	nose	1221	41	genut	57		ɡenut	507
OROMO	gaz	nose	1221	41	fu5an	58		fuɲan	508
KAFFA	kbr	nose	1221	41	mudo	59		mudo	509
SYRIAC_2	syc	tooth	1380	43	Sen	11		ʃen	510
ARABIC_QURANIC	arb	tooth	1380	43	sin	11		sin	511
ARABIC_LEBANESE	apc	tooth	1380	43	s3n	11		sən	512
GEEZ	gez	tooth	1380	43	s3n	11		sən	513
TIGRAI	tir	tooth	1380	43	s3ni	11		səni	514
AMHARIC_3	amh	tooth	1380	43	t3rs	12		tərs	515
HARARI_2	har	tooth	1380	43	s3n	11		sən	516
MEHRI_2	gdq	tooth	1380	43	mdenyet	13		mdenjet	517
JIBBALI	shv	tooth	1380	43	Snin	11		ʃnin	518
SOQOTRI_2	sqt	tooth	1380	43	Xale	14		χale	519
SIWA	siz	tooth	1380	43	asayn	11		asajn	520
GHADAMES_2	gha	tooth	1380	43	asin	11		asin	521
AHAGGAR	thv	tooth	1380	43	sin3n	11	pl	sinən	522
ZENAGA_2	zen	tooth	1380	43	uks	17		uks	523
QABYLE	kab	tooth	1380	43	tuxm3st	18		tuxməst	524
HAUSA_3	hau	tooth	1380	43	hakori	19		hakori	525
BOLEWA	bol	tooth	1380	43	ido	20		ido	526
BEJA_2	bej	tooth	1380	43	kos	17		kos	527
OROMO	gaz	tooth	1380	43	ilkan	21		ilkan	528
DAHALO_2	dal	tooth	1380	43	kalati	21		kalati	529
KAFFA	kbr	tooth	1380	43	gaSo	22		ɡaʃo	530
SYRIAC_2	syc	tongue	1205	44	leSan	1		leʃan	531
ARABIC_QURANIC	arb	tongue	1205	44	lisan	1		lisan	532
ARABIC_LEBANESE	apc	tongue	1205	44	lsen	1		lsen	533
GEEZ	gez	tongue	1205	44	l3san	1		ləsan	534
TIGRAI	tir	tongue	1205	44	malXas	2		malχas	535
AMHARIC_3	amh	tongue	1205	44	m3las	2		məlas	536
MEHRI_2	gdq	tongue	1205	44	lSin	1		lʃin	537
JIBBALI	shv	tongue	1205	44	ElSEn	1		ɛlʃɛn	538
SOQOTRI_2	sqt	tongue	1205	44	leSin	1		leʃin	539
SIWA	siz	tongue	1205	44	il3s	1		iləs	540
GHADAMES_2	gha	tongue	1205	44	il3s	1		iləs	541
AHAGGAR	thv	tongue	1205	44	il3s	1		iləs	542
ZENAGA_2	zen	tongue	1205	44	3Csi	1		ət͡ʃsi	543
QABYLE	kab	tongue	1205	44	il3s	1		iləs	544
HAUSA_3	hau	tongue	1205	44	harSe	1		harʃe	545
BOLEWA	bol	tongue	1205	44	lisi	1		lisi	546
BEJA_2	bej	tongue	1205	44	midala	3	also: mida	midala	547
OROMO	gaz	tongue	1205	44	araba	4		araba	548
DAHALO_2	dal	tongue	1205	44	Xena	5		χena	549
KAFFA	kbr	tongue	1205	44	eCiyo	6		et͡ʃijo	550
SYRIAC_2	syc	person	683	18	barnaS	82		barnaʃ	551
ARABIC_QURANIC	arb	person	683	18	insan	82		insan	552
ARABIC_LEBANESE	apc	person	683	18	insen	82		insen	553
GEEZ	gez	person	683	18	b373si	83		bəʔəsi	554
TIGRAI	tir	person	683	18	sab	84		sab	555
AMHARIC_3	amh	person	683	18	s3w	84		səw	556
HARARI_2	har	person	683	18	usu7	84		usuʔ	557
SOQOTRI_2	sqt	person	683	18	Xag	85		χaɡ	558
GHADAMES_2	gha	person	683	18	iman	88		iman	559
AHAGGAR	thv	person	683	18	y3n	89		jən	560
ZENAGA_2	zen	person	683	18	min	88		min	561
HAUSA_3	hau	person	683	18	mutum	90		mutum	562
BOLEWA	bol	person	683	18	memu	91		memu	563
BEJA_2	bej	person	683	18	ha	92		ha	564
OROMO	gaz	person	683	18	nama	93		nama	565
DAHALO_2	dal	person	683	18	"guh""o"	94		ɡuhʼo	566
KAFFA	kbr	person	683	18	aSo	82		aʃo	567
SYRIAC_2	syc	knee	1371	47	burk	51		burk	568
ARABIC_QURANIC	arb	knee	1371	47	rukbat	52		rukbat	569
ARABIC_LEBANESE	apc	knee	1371	47	rikbi	52		rikbi	570
GEEZ	gez	knee	1371	47	b3rk	51		bərk	571
TIGRAI	tir	knee	1371	47	b3rki	51		bərki	572
MEHRI_2	gdq	knee	1371	47	barak	51		barak	573
JIBBALI	shv	knee	1371	47	bErk	51		bɛrk	574
SOQOTRI_2	sqt	knee	1371	47	bark	51		bark	575
SIWA	siz	knee	1371	47	fud	54		fud	576
GHADAMES_2	gha	knee	1371	47	uf3d	54		ufəd	577
AHAGGAR	thv	knee	1371	47	afud	54		afud	578
ZENAGA_2	zen	knee	1371	47	o7fu	54		oʔfu	579
QABYLE	kab	knee	1371	47	agw~3Srir	55		aɡʷəʃrir	580
HAUSA_3	hau	knee	1371	47	gw~iwa	56		ɡʷiwa	581
BOLEWA	bol	knee	1371	47	burn	57		burn	582
BEJA_2	bej	knee	1371	47	gun	58	also: mb~a	ɡun	583
OROMO	gaz	knee	1371	47	jilba	59		d͡ʒilba	584
DAHALO_2	dal	knee	1371	47	gili	60		ɡili	585
KAFFA	kbr	knee	1371	47	ango	61		anɡo	586
SYRIAC_2	syc	hand	1277	48	id	72		id	587
ARABIC_QURANIC	arb	hand	1277	48	yad	72		jad	588
ARABIC_LEBANESE	apc	hand	1277	48	3d	72		əd	589
GEEZ	gez	hand	1277	48	3d	72		əd	590
TIGRAI	tir	hand	1277	48	id	72		id	591
AMHARIC_3	amh	hand	1277	48	3Z	72		əʒ	592
HARARI_2	har	hand	1277	48	iji	72		id͡ʒi	593
MEHRI_2	gdq	hand	1277	48	Xayd	72		χajd	594
JIBBALI	shv	hand	1277	48	ed	72		ed	595
SOQOTRI_2	sqt	hand	1277	48	e7ed	72		eʔed	596
SIWA	siz	hand	1277	48	fus	74		fus	597
GHADAMES_2	gha	hand	1277	48	uf3s	74		ufəs	598
AHAGGAR	thv	hand	1277	48	afus	74		afus	599
ZENAGA_2	zen	hand	1277	48	afuS	74		afuʃ	600
QABYLE	kab	hand	1277	48	afus	74		afus	601
HAUSA_3	hau	hand	1277	48	hanu	75		hanu	602
BOLEWA	bol	hand	1277	48	s3ra	76		səra	603
BEJA_2	bej	hand	1277	48	ay	77		aj	604
OROMO	gaz	hand	1277	48	harka	78		harka	605
DAHALO_2	dal	hand	1277	48	dara	79		dara	606
KAFFA	kbr	hand	1277	48	kiSo	80		kiʃo	607
SYRIAC_2	syc	liver	1224	53	kabd	31		kabd	608
ARABIC_QURANIC	arb	liver	1224	53	kabid	31		kabid	609
ARABIC_LEBANESE	apc	liver	1224	53	k3bdi	31		kəbdi	610
GEEZ	gez	liver	1224	53	kab3d	31		kabəd	611
TIGRAI	tir	liver	1224	53	kabdi	31		kabdi	612
AMHARIC_3	amh	liver	1224	53	gub3t	32		ɡubət	613
HARARI_2	har	liver	1224	53	kud	31		kud	614
MEHRI_2	gdq	liver	1224	53	Sebdit	31		ʃebdit	615
JIBBALI	shv	liver	1224	53	Subdet	31		ʃubdet	616
SOQOTRI_2	sqt	liver	1224	53	Sibde	31		ʃibde	617
SIWA	siz	liver	1224	53	ca	35		t͡sa	618
GHADAMES_2	gha	liver	1224	53	tusa	35		tusa	619
AHAGGAR	thv	liver	1224	53	awsa	35		awsa	620
ZENAGA_2	zen	liver	1224	53	ta7Sa	36		taʔʃa	621
QABYLE	kab	liver	1224	53	tasa	35		tasa	622
HAUSA_3	hau	liver	1224	53	hanta	37		hanta	623
BOLEWA	bol	liver	1224	53	"rub""usu"	38		rubʼusu	624
BEJA_2	bej	liver	1224	53	se	35		se	625
OROMO	gaz	liver	1224	53	tiru	39		tiru	626
DAHALO_2	dal	liver	1224	53	mako	40		mako	627
KAFFA	kbr	liver	1224	53	qamo	41		qamo	628
SYRIAC_2	syc	drink	1401	54	Sty	51		ʃtj	629
ARABIC_QURANIC	arb	drink	1401	54	Srb	52		ʃrb	630
ARABIC_LEBANESE	apc	drink	1401	54	S3r3b	52		ʃərəb	631
GEEZ	gez	drink	1401	54	sty	51		stj	632
TIGRAI	tir	drink	1401	54	sataya	51		sataja	633
HARARI_2	har	drink	1401	54	sECa	51		sɛt͡ʃa	634
MEHRI_2	gdq	drink	1401	54	hutki	53		hutki	635
JIBBALI	shv	drink	1401	54	Susi	53		ʃusi	636
SOQOTRI_2	sqt	drink	1401	54	re	54		re	637
SIWA	siz	drink	1401	54	su	56		su	638
GHADAMES_2	gha	drink	1401	54	s3w	56		səw	639
AHAGGAR	thv	drink	1401	54	3su	56		əsu	640
ZENAGA_2	zen	drink	1401	54	3Sbi	56		əʃbi	641
QABYLE	kab	drink	1401	54	s3w	56		səw	642
HAUSA_3	hau	drink	1401	54	Sa	56		ʃa	643
BOLEWA	bol	drink	1401	54	sa	56		sa	644
BEJA_2	bej	drink	1401	54	gu7	57		ɡuʔ	645
OROMO	gaz	drink	1401	54	duga	58		duɡa	646
DAHALO_2	dal	drink	1401	54	ma7aw	59		maʔaw	647
KAFFA	kbr	drink	1401	54	uC	60		ut͡ʃ	648
SYRIAC_2	syc	thou	1215	2	at	91	also: ant	at	649
ARABIC_QURANIC	arb	thou	1215	2	anta	91		anta	650
ARABIC_LEBANESE	apc	thou	1215	2	int	91	also: int3	int	651
GEEZ	gez	thou	1215	2	anta	91		anta	652
TIGRAI	tir	thou	1215	2	n3s3ka	92		nəsəka	653
AMHARIC_3	amh	thou	1215	2	anta	91		anta	654
HARARI_2	har	thou	1215	2	aka	92		aka	655
MEHRI_2	gdq	thou	1215	2	hit	93		hit	656
JIBBALI	shv	thou	1215	2	hEt	93		hɛt	657
SIWA	siz	thou	1215	2	S3k	92		ʃək	658
GHADAMES_2	gha	thou	1215	2	Seg	92		ʃeɡ	659
AHAGGAR	thv	thou	1215	2	kay	92		kaj	660
ZENAGA_2	zen	thou	1215	2	kuk	92		kuk	661
QABYLE	kab	thou	1215	2	k3C	92		kət͡ʃ	662
HAUSA_3	hau	thou	1215	2	kai	92		kai	663
BOLEWA	bol	thou	1215	2	kai	92		kai	664
BEJA_2	bej	thou	1215	2	baruk	92	also: batuk	baruk	665
OROMO	gaz	thou	1215	2	ati	91		ati	666
DAHALO_2	dal	thou	1215	2	ata	91		ata	667
KAFFA	kbr	thou	1215	2	ne	95		ne	668
SYRIAC_2	syc	see	1409	57	Xzy	23		χzj	669
ARABIC_QURANIC	arb	see	1409	57	r7y	22		rʔj	670
ARABIC_LEBANESE	apc	see	1409	57	Sef	24		ʃef	671
GEEZ	gez	see	1409	57	r7y	22		rʔj	672
TIGRAI	tir	see	1409	57	ra7aya	22		raʔaja	673
AMHARIC_3	amh	see	1409	57	aya	23		aja	674
HARARI_2	har	see	1409	57	ri7a	22		riʔa	675
MEHRI_2	gdq	see	1409	57	sinuh	25		sinuh	676
JIBBALI	shv	see	1409	57	Sini	25		ʃini	677
SOQOTRI_2	sqt	see	1409	57	Sini	25		ʃini	678
SIWA	siz	see	1409	57	z3r	28		zər	679
GHADAMES_2	gha	see	1409	57	el3m	29	also: izelem	eləm	680
AHAGGAR	thv	see	1409	57	3ni	27		əni	681
ZENAGA_2	zen	see	1409	57	zar	28		zar	682
QABYLE	kab	see	1409	57	wali	30		wali	683
HAUSA_3	hau	see	1409	57	gani	31		ɡani	684
BOLEWA	bol	see	1409	57	in	27		in	685
BEJA_2	bej	see	1409	57	erh	32		erh	686
OROMO	gaz	see	1409	57	arga	33		arɡa	687
DAHALO_2	dal	see	1409	57	"wah"""	34		wahʼ	688
KAFFA	kbr	see	1409	57	beq	35		beq	689
SYRIAC_2	syc	hear	1408	58	SmX	91		ʃmχ	690
ARABIC_QURANIC	arb	hear	1408	58	SmX	91		ʃmχ	691
ARABIC_LEBANESE	apc	hear	1408	58	s3m3Xa	91		səməχa	692
GEEZ	gez	hear	1408	58	smX	91		smχ	693
TIGRAI	tir	hear	1408	58	samXe	91		samχe	694
AMHARIC_3	amh	hear	1408	58	s3ma	91		səma	695
HARARI_2	har	hear	1408	58	sEma7a	91		sɛmaʔa	696
MEHRI_2	gdq	hear	1408	58	hema	91		hema	697
JIBBALI	shv	hear	1408	58	SiX	91		ʃiχ	698
SOQOTRI_2	sqt	hear	1408	58	hemaX	91		hemaχ	699
SIWA	siz	hear	1408	58	s3l	93		səl	700
GHADAMES_2	gha	hear	1408	58	3sl	93		əsl	701
AHAGGAR	thv	hear	1408	58	3s3l	93		əsəl	702
ZENAGA_2	zen	hear	1408	58	gera	94		ɡera	703
QABYLE	kab	hear	1408	58	s3l	93		səl	704
HAUSA_3	hau	hear	1408	58	ji	95		d͡ʒi	705
BOLEWA	bol	hear	1408	58	kum	96		kum	706
BEJA_2	bej	hear	1408	58	masuw	97		masuw	707
OROMO	gaz	hear	1408	58	dagaya	98		daɡaja	708
DAHALO_2	dal	hear	1408	58	etit	99		etit	709
KAFFA	kbr	hear	1408	58	way	10		waj	710
SYRIAC_2	syc	bone	1394	31	garm	92		ɡarm	711
ARABIC_QURANIC	arb	bone	1394	31	azX~m	91		azχm	712
ARABIC_LEBANESE	apc	bone	1394	31	XazX~am	91		χazχam	713
GEEZ	gez	bone	1394	31	Xac3m	91		χat͡səm	714
TIGRAI	tir	bone	1394	31	XasX~mi	91		χasχmi	715
AMHARIC_3	amh	bone	1394	31	at3nt~	91		atəⁿt	716
HARARI_2	har	bone	1394	31	at	91		at	717
MEHRI_2	gdq	bone	1394	31	XaZyZ	93		χaʒjʒ	718
JIBBALI	shv	bone	1394	31	XayCeC	93		χajt͡ʃet͡ʃ	719
SOQOTRI_2	sqt	bone	1394	31	sahlo	94		sahlo	720
SIWA	siz	bone	1394	31	ix3s	95		ixəs	721
GHADAMES_2	gha	bone	1394	31	x3s	95		xəs	722
AHAGGAR	thv	bone	1394	31	ex3s	95		exəs	723
ZENAGA_2	zen	bone	1394	31	ici	95		it͡si	724
QABYLE	kab	bone	1394	31	ix3s	95		ixəs	725
HAUSA_3	hau	bone	1394	31	qaSi	95		qaʃi	726
BOLEWA	bol	bone	1394	31	us3ki	96		usəki	727
BEJA_2	bej	bone	1394	31	mi	97		mi	728
OROMO	gaz	bone	1394	31	lafe	98		lafe	729
KAFFA	kbr	bone	1394	31	SawuSo	99		ʃawuʃo	730
SYRIAC_2	syc	die	1494	61	myt	21		mjt	731
ARABIC_QURANIC	arb	die	1494	61	mwt	21		mwt	732
ARABIC_LEBANESE	apc	die	1494	61	m3t	21		mət	733
GEEZ	gez	die	1494	61	mwt	21		mwt	734
TIGRAI	tir	die	1494	61	mota	21		mota	735
AMHARIC_3	amh	die	1494	61	mot3	21		motə	736
HARARI_2	har	die	1494	61	dija	21		did͡ʒa	737
MEHRI_2	gdq	die	1494	61	mot	21		mot	738
JIBBALI	shv	die	1494	61	harog	22		haroɡ	739
SOQOTRI_2	sqt	die	1494	61	same	23		same	740
SIWA	siz	die	1494	61	imut	21		imut	741
GHADAMES_2	gha	die	1494	61	3m3t	21		əmət	742
AHAGGAR	thv	die	1494	61	3m3t	21		əmət	743
ZENAGA_2	zen	die	1494	61	3mw~i	21		əmʷi	744
QABYLE	kab	die	1494	61	3m3t	21		əmət	745
HAUSA_3	hau	die	1494	61	mutu	21		mutu	746
BOLEWA	bol	die	1494	61	mutu	21		mutu	747
BEJA_2	bej	die	1494	61	yati	24		jati	748
OROMO	gaz	die	1494	61	du7a	25		duʔa	749
DAHALO_2	dal	die	1494	61	Za7	25		ʒaʔ	750
KAFFA	kbr	die	1494	61	kit	26		kit	751
SYRIAC_2	syc	road (path)	667	85	urX	41	road	urχ	752
ARABIC_QURANIC	arb	road (path)	667	85	tX~ariq	43	road	tχariq	753
ARABIC_LEBANESE	apc	road (path)	667	85	darab	44	road	darab	754
GEEZ	gez	road (path)	667	85	f3not	45	road	fənot	755
TIGRAI	tir	road (path)	667	85	mangadi	46	road	manɡadi	756
AMHARIC_3	amh	road (path)	667	85	m3ng3d	46	road	mənɡəd	757
MEHRI_2	gdq	road (path)	667	85	Xirum	47	road	χirum	758
JIBBALI	shv	road (path)	667	85	orm	47	road	orm	759
SOQOTRI_2	sqt	road (path)	667	85	orim	47	road	orim	760
GHADAMES_2	gha	road (path)	667	85	abrid	50	road	abrid	761
AHAGGAR	thv	road (path)	667	85	abar3qa	51	road	abarəqa	762
ZENAGA_2	zen	road (path)	667	85	tir3s	52	road	tirəs	763
QABYLE	kab	road (path)	667	85	abrid	50		abrid	764
HAUSA_3	hau	road (path)	667	85	ha5a	53		haɲa	765
BOLEWA	bol	road (path)	667	85	gogo	54	road	ɡoɡo	766
BEJA_2	bej	road (path)	667	85	lagi	55		laɡi	767
OROMO	gaz	road (path)	667	85	kara	56		kara	768
DAHALO_2	dal	road (path)	667	85	le	57		le	769
KAFFA	kbr	road (path)	667	85	woreto	48		woreto	770
