ID	DOCULECT	CONCEPT	IPA
1	JEH	I	aut
2	BAHNAR	I	iɲ
3	CHRAU	I	aɲ
4	VIETNAMESE	I	toi
5	MON	I	aj
6	NYAKUR	I	eɲ
7	KHMER	I	kʰənom
8	SEMAI	I	ɛɲ
9	WA	I	əʔ
10	KSINMUL	I	aɲ
11	MUNDARI	I	ain
12	JEH	thou	mi
13	CHRAU	thou	mai
14	VIETNAMESE	thou	maj
15	RUC	thou	mi
16	MON	thou	beh
17	NYAKUR	thou	pʰeh
18	KHMER	thou	ɛŋ
19	KUI_THAILAND	thou	muaŋ
20	SEMAI	thou	hɛʔ
21	WA	thou	maiʔ
22	DEANG	thou	moi
23	KHMU	thou	me
24	KSINMUL	thou	mih
25	KHASI	thou	me
26	MUNDARI	thou	am
27	JEH	we	juan
28	BAHNAR	we	ɲon
29	CHRAU	we	von
30	VIETNAMESE	we	ta
31	RUC	we	t͡ʃupa
32	MON	we	puij
33	NYAKUR	we	pɛj
34	KHMER	we	jaəŋ
35	KUI_THAILAND	we	mʰai
36	SEMAI	we	ʒiʔ
37	WA	we	jiʔ
38	DEANG	we	jəi
39	KSINMUL	we	zi
40	MUNDARI	we	ale
41	JEH	this	mou
42	BAHNAR	this	nou
43	RUC	this	ni
44	MON	this	naʔ
45	NYAKUR	this	oʔ
46	KHMER	this	nəh
47	SEMAI	this	adɛh
48	WA	this	in
49	KHMU	this	kə_ki
50	KHASI	this	ne
51	MUNDARI	this	ni_iʔ
52	BAHNAR	that	ni
53	RUC	that	he
54	MON	that	teʔ
55	NYAKUR	that	teʔ
56	KHMER	that	noh
57	KUI_THAILAND	that	kəi
58	SEMAI	that	aʒeh
59	WA	that	an
60	DEANG	that	də
61	KHMU	that	kə_ni
62	KSINMUL	that	pəʔow
63	KHASI	that	ba
64	MUNDARI	that	han_iʔ
65	JEH	who	bau
66	BAHNAR	who	bu
67	RUC	who	aj
68	NYAKUR	who	əɲah
69	KHMER	who	kʰənao
70	KUI_THAILAND	who	naw
71	SEMAI	who	boʔ
72	WA	who	moʔ
73	DEANG	who	se
74	KHMU	who	mə
75	KSINMUL	who	noh
76	MUNDARI	who	okoj
77	JEH	what	ɲai
78	BAHNAR	what	kiə
79	CHRAU	what	pat͡ʃ_nʔʰʲa
80	VIETNAMESE	what	kai_ɡi
81	RUC	what	t͡ʃamə
82	MON	what	nu
83	NYAKUR	what	moʔ
84	KHMER	what	evi
85	KUI_THAILAND	what	na
86	SEMAI	what	mah
87	WA	what	patiʔ
88	DEANG	what	se_muh
89	KHMU	what	məh
90	KSINMUL	what	həlmoh
91	MUNDARI	what	t͡ʃa_na
92	BAHNAR	not	əh
93	CHRAU	not	sun
94	VIETNAMESE	not	kxoŋ
95	RUC	not	vaŋ
96	MON	not	ha
97	NYAKUR	not	ku
98	KHMER	not	min
99	SEMAI	not	pɛʔ
100	WA	not	aŋ
101	KHASI	not	em
102	MUNDARI	not	ka
103	MON	all	paʔuit
104	KHMER	all	tamŋ
105	KUI_THAILAND	all	ai_tʰe
106	SEMAI	all	dit͡ʃ
107	DEANG	all	dviʔ
108	KHMU	all	ku
109	KHASI	all	baroh
110	JEH	many	kədram
111	BAHNAR	many	tʰər
112	CHRAU	many	ɡoʔ
113	VIETNAMESE	many	ɲieu
114	RUC	many	ɲiw
115	MON	many	ɡluiŋ
116	NYAKUR	many	kʰləŋ
117	KHMER	many	t͡ʃraən
118	KUI_THAILAND	many	dal
119	SEMAI	many	ʒʔoj
120	WA	many	hun
121	DEANG	many	mʰblam
122	KHMU	many	kə
123	KSINMUL	many	ɡaj
124	KHASI	many	bun
125	JEH	one	mui
126	BAHNAR	one	moɲ
127	CHRAU	one	muoi
128	VIETNAMESE	one	mot
129	RUC	one	moit͡ʃ
130	MON	one	mʷaj
131	NYAKUR	one	muəj
132	KHMER	one	muej
133	KUI_THAILAND	one	mui
134	SEMAI	one	nanəʔ
135	KHMU	one	moj
136	KHASI	one	wei
137	MUNDARI	one	mijod
138	JEH	two	bal
139	BAHNAR	two	bar
140	CHRAU	two	var
141	VIETNAMESE	two	hai
142	RUC	two	hal
143	MON	two	ba
144	NYAKUR	two	bar
145	KHMER	two	bir
146	KUI_THAILAND	two	bia
147	SEMAI	two	nar
148	WA	two	ra
149	KHMU	two	par
150	KHASI	two	ar
151	MUNDARI	two	bar
152	JEH	long	proih
153	BAHNAR	long	keʒuŋ
154	CHRAU	long	d͡ʒoŋ
155	VIETNAMESE	long	ʒai
156	RUC	long	jal
157	MON	long	ʒliŋ
158	NYAKUR	long	kʰliɲ
159	KHMER	long	vɛŋ
160	KUI_THAILAND	long	ⁿtʰrəŋ
161	SEMAI	long	t͡ʃrəkŋ
162	WA	long	laŋ
163	DEANG	long	doŋ
164	KHMU	long	waŋ
165	KSINMUL	long	əloŋ
166	KHASI	long	ʒeroŋ
167	MUNDARI	long	ʒiliŋ
168	BAHNAR	woman	drakan
169	MON	woman	brau
170	NYAKUR	woman	pʰəpʰraw
171	KUI_THAILAND	woman	kuikəpai
172	SEMAI	woman	krdor
173	WA	woman	bun
174	DEANG	woman	i_pon
175	KHMU	woman	t͡ʃəmkən
176	KHASI	woman	briw
177	MUNDARI	woman	kuri
178	BAHNAR	man	droŋlo
179	MON	man	truʔ
180	NYAKUR	man	tujtruʒ
181	KUI_THAILAND	man	kui_tʰol
182	SEMAI	man	kral
183	WA	man	simeʔ
184	DEANG	man	mai
185	KHASI	man	ai_briw
186	MUNDARI	man	kora
187	JEH	person	məŋai
188	BAHNAR	person	bəŋai
189	CHRAU	person	tamun
190	VIETNAMESE	person	ŋuoi
191	RUC	person	ŋaj
192	KUI_THAILAND	person	kui
193	SEMAI	person	sⁿʔoj
194	WA	person	pui
195	DEANG	person	to_i
196	KHMU	person	kəmmu
197	KSINMUL	person	ksiŋ
198	KHASI	person	briw
199	MUNDARI	person	horo
200	JEH	fish	ka
201	BAHNAR	fish	ka
202	CHRAU	fish	ka
203	VIETNAMESE	fish	ka
204	RUC	fish	aka
205	MON	fish	ka
206	NYAKUR	fish	kaʔ
207	KHMER	fish	tri
208	KUI_THAILAND	fish	ka
209	SEMAI	fish	kaʔ
210	WA	fish	kaʔ
211	DEANG	fish	ka
212	KHMU	fish	ka
213	KSINMUL	fish	ka
214	KHASI	fish	dohkʰa
215	MUNDARI	fish	hai
216	JEH	dog	t͡ʃo
217	BAHNAR	dog	ko
218	CHRAU	dog	so
219	VIETNAMESE	dog	to
220	RUC	dog	at͡ʃo
221	MON	dog	kluiw
222	NYAKUR	dog	t͡ʃʰur
223	KHMER	dog	t͡ʃʰəkɛ
224	KUI_THAILAND	dog	t͡ʃa
225	SEMAI	dog	t͡ʃoʔ
226	WA	dog	soʔ
227	DEANG	dog	aʔoʔ
228	KHMU	dog	so
229	KSINMUL	dog	ksew
230	KHASI	dog	ksew
231	MUNDARI	dog	seta
232	JEH	louse	kət͡ʃaj
233	BAHNAR	louse	si
234	CHRAU	louse	si
235	VIETNAMESE	louse	ti
236	RUC	louse	t͡ʃi
237	MON	louse	t͡ʃaj
238	NYAKUR	louse	t͡ʃaj
239	KHMER	louse	t͡ʃaj
240	KUI_THAILAND	louse	ɲt͡ʃɛʔ
241	SEMAI	louse	t͡ʃɛʔ
242	WA	louse	siʔ
243	DEANG	louse	sai
244	KHMU	louse	se
245	KSINMUL	louse	t͡sej
246	KHASI	louse	ksi
247	MUNDARI	louse	si_ku
248	JEH	tree	loŋ
249	BAHNAR	tree	loŋ
250	CHRAU	tree	t͡ʃʰo
251	VIETNAMESE	tree	kaj
252	RUC	tree	kəj
253	MON	tree	t͡ʃʰu
254	NYAKUR	tree	t͡ʃʰuʔ
255	KHMER	tree	taəm_ʒʰaə
256	SEMAI	tree	ʒʰuʔ
257	WA	tree	kʰauʔ
258	DEANG	tree	he
259	KHMU	tree	səʔoŋ
260	KSINMUL	tree	t͡ʃəʔuəŋ
261	KHASI	tree	dieŋ
262	MUNDARI	tree	daru
263	VIETNAMESE	seed	hot
264	RUC	seed	kajaŋ
265	KHMER	seed	ɡrap
266	KUI_THAILAND	seed	klaŋ
267	SEMAI	seed	sip
268	WA	seed	sok
269	DEANG	seed	kau
270	KHMU	seed	pəliar
271	KHASI	seed	sinai
272	MUNDARI	seed	hita
273	JEH	leaf	la
274	BAHNAR	leaf	hla
275	CHRAU	leaf	la
276	VIETNAMESE	leaf	la
277	RUC	leaf	ula
278	MON	leaf	sla
279	NYAKUR	leaf	hlaʔ
280	KHMER	leaf	sələk
281	KUI_THAILAND	leaf	sla
282	SEMAI	leaf	slaʔ
283	WA	leaf	hlaʔ
284	DEANG	leaf	hla
285	KHMU	leaf	la
286	KSINMUL	leaf	bəw
287	KHASI	leaf	sla
288	MUNDARI	leaf	sakam
289	JEH	root	riah
290	BAHNAR	root	rəh
291	CHRAU	root	dijieh
292	VIETNAMESE	root	re
293	RUC	root	liɛrih
294	MON	root	ruih
295	NYAKUR	root	rihrak
296	KHMER	root	rək
297	KUI_THAILAND	root	rɛh
298	SEMAI	root	rʔes
299	WA	root	riah
300	DEANG	root	riaih
301	KHMU	root	rias
302	KSINMUL	root	ɡeh
303	KHASI	root	tinrai
304	MUNDARI	root	red
305	JEH	bark	kəduh
306	BAHNAR	bark	hmok
307	CHRAU	bark	moʔ
308	VIETNAMESE	bark	vo_kaj
309	RUC	bark	kəduh
310	MON	bark	sakow
311	NYAKUR	bark	ŋkuər
312	KHMER	bark	səmbak
313	KUI_THAILAND	bark	mpʰuaʔ
314	SEMAI	bark	t͡ʃkop
315	WA	bark	hloʔ
316	DEANG	bark	ɡoʔ
317	KHMU	bark	həmpok
318	KSINMUL	bark	bəŋ
319	KHASI	bark	snep
320	MUNDARI	bark	harta
321	JEH	skin	pal
322	BAHNAR	skin	əkar
323	CHRAU	skin	nto
324	VIETNAMESE	skin	ʒa
325	MON	skin	snam
326	NYAKUR	skin	hnam
327	KHMER	skin	səpɛk
328	SEMAI	skin	ɡtəʔ
329	WA	skin	hak
330	DEANG	skin	hur
331	KHMU	skin	həmpur
332	KSINMUL	skin	bəŋ
333	KHASI	skin	kʰoh
334	MUNDARI	skin	ur
335	JEH	meat	sinek
336	BAHNAR	meat	ɲem
337	CHRAU	meat	ɡoŋ
338	VIETNAMESE	meat	θit
339	RUC	meat	sit
340	MON	meat	t͡ʃun
341	NYAKUR	meat	ʰʷaʔ
342	KHMER	meat	sat͡ʃ
343	KUI_THAILAND	meat	sat͡ʃ
344	SEMAI	meat	sɛt͡ʃ
345	WA	meat	neʔ
346	DEANG	meat	joŋ
347	KHMU	meat	ah
348	KSINMUL	meat	ksoŋ
349	KHASI	meat	doh
350	MUNDARI	meat	ʒilu
351	JEH	blood	pʰam
352	BAHNAR	blood	pʰam
353	CHRAU	blood	nʔham
354	VIETNAMESE	blood	mau
355	RUC	blood	asam
356	MON	blood	t͡ʃʰim
357	NYAKUR	blood	t͡ʃʰim
358	KHMER	blood	ʒʰam
359	KUI_THAILAND	blood	əham
360	SEMAI	blood	bʰipm
361	WA	blood	ⁿʰam
362	DEANG	blood	ⁿʰam
363	KHMU	blood	mam
364	KSINMUL	blood	miəm
365	KHASI	blood	snam
366	MUNDARI	blood	majam
367	JEH	bone	kəsiaŋ
368	BAHNAR	bone	kətiŋ
369	CHRAU	bone	ntiŋ
370	VIETNAMESE	bone	ʃuoŋ
371	RUC	bone	saŋ
372	MON	bone	ʒut
373	NYAKUR	bone	t͡ʃʰəlut
374	KHMER	bone	t͡ʃʰʔəŋ
375	KUI_THAILAND	bone	ŋʰaŋ
376	SEMAI	bone	ʒʔakŋ
377	WA	bone	sisaŋ
378	DEANG	bone	kʼʔaŋ
379	KHMU	bone	t͡ʃəʔaŋ
380	KSINMUL	bone	laŋ
381	KHASI	bone	sʰʼieŋ
382	MUNDARI	bone	ʒaŋ
383	JEH	grease	pədreŋ
384	RUC	grease	kluŋ
385	MON	grease	kleŋ
386	NYAKUR	grease	kəliɲ
387	KHMER	grease	kʰlaɲ
388	KUI_THAILAND	grease	ɲt͡ʃʰɛŋ
389	SEMAI	grease	lʔus
390	WA	grease	bə
391	MUNDARI	grease	itil
392	JEH	egg	tətap
393	CHRAU	egg	t͡ʃap
394	VIETNAMESE	egg	t͡ʃuŋ
395	RUC	egg	təlul
396	MON	egg	kʰamhaj
397	KHMER	egg	boŋ
398	KUI_THAILAND	egg	ⁿtʰrɛl
399	SEMAI	egg	pŋləkŋ
400	WA	egg	tom
401	DEANG	egg	krau
402	KHMU	egg	kətoŋ
403	KSINMUL	egg	kloŋ
404	KHASI	egg	pilleŋ
405	MUNDARI	egg	ʒarom
406	JEH	horn	təkoj
407	BAHNAR	horn	ake
408	RUC	horn	krəŋ
409	MON	horn	draŋ
410	NYAKUR	horn	tʰraŋ
411	KHMER	horn	sənɛŋ
412	KUI_THAILAND	horn	təkai
413	WA	horn	ruŋ
414	DEANG	horn	nuŋ
415	KHMU	horn	t͡ʃentrəŋ
416	KSINMUL	horn	t͡ʃəlɡan
417	KHASI	horn	reŋ
418	MUNDARI	horn	diriŋ
419	JEH	tail	teŋ
420	BAHNAR	tail	kieŋ
421	CHRAU	tail	tieŋ
422	VIETNAMESE	tail	ʒuoi
423	RUC	tail	tuoj
424	MON	tail	bata
425	NYAKUR	tail	pətaʔ
426	KHMER	tail	kəⁿduj
427	KUI_THAILAND	tail	sal
428	SEMAI	tail	sntaʔ
429	WA	tail	sidaʔ
430	DEANG	tail	sta
431	KHMU	tail	hənta
432	KSINMUL	tail	həlta
433	KHASI	tail	tidoŋ
434	MUNDARI	tail	t͡ʃadlom
435	JEH	feather	suk
436	BAHNAR	feather	sok
437	CHRAU	feather	sinoʔ_sum
438	VIETNAMESE	feather	loŋ_tim
439	RUC	feather	usuk
440	MON	feather	səneŋ
441	NYAKUR	feather	t͡ʃʰokt͡ʃʰok
442	KHMER	feather	slap
443	KUI_THAILAND	feather	soʔ
444	SEMAI	feather	sntol
445	KHMU	feather	kʰul
446	KSINMUL	feather	sok
447	KHASI	feather	sner
448	MUNDARI	feather	il
449	JEH	hair	suk
450	BAHNAR	hair	sok
451	CHRAU	hair	soʔ
452	VIETNAMESE	hair	tok
453	RUC	hair	usuk
454	MON	hair	sok
455	NYAKUR	hair	t͡ʃʰok
456	KHMER	hair	sok
457	KUI_THAILAND	hair	soʔ
458	SEMAI	hair	sok
459	WA	hair	hauk
460	DEANG	hair	huʔ
461	KHMU	hair	klə
462	KSINMUL	hair	sok
463	KHASI	hair	sʰniuh
464	MUNDARI	hair	up
465	JEH	head	kal
466	BAHNAR	head	kəl
467	CHRAU	head	voʔ
468	RUC	head	kuluok
469	MON	head	kaduip
470	NYAKUR	head	kədəp
471	KUI_THAILAND	head	pla
472	SEMAI	head	kuj
473	WA	head	kaiŋ
474	DEANG	head	kiŋ
475	KHMU	head	kəmpoŋ
476	KSINMUL	head	əlu
477	KHASI	head	kʰlih
478	MUNDARI	head	boʔ
479	JEH	ear	pat
480	BAHNAR	ear	don
481	CHRAU	ear	tor
482	VIETNAMESE	ear	tai
483	RUC	ear	saj
484	MON	ear	katow
485	NYAKUR	ear	kətuer
486	KHMER	ear	trət͡ʃʰiək
487	KUI_THAILAND	ear	kətor
488	SEMAI	ear	ntakŋ
489	WA	ear	ʲʰauk
490	DEANG	ear	joʔ
491	KHMU	ear	hermej
492	KSINMUL	ear	həltol
493	KHASI	ear	lutur
494	MUNDARI	ear	lutur
495	JEH	eye	mat
496	BAHNAR	eye	mat
497	CHRAU	eye	mat
498	VIETNAMESE	eye	mat
499	MON	eye	mat
500	NYAKUR	eye	mat
501	KHMER	eye	bʰənək
502	KUI_THAILAND	eye	mat
503	SEMAI	eye	mat
504	WA	eye	ŋai
505	DEANG	eye	ŋai
506	KHMU	eye	mat
507	KSINMUL	eye	mat
508	KHASI	eye	kʰimat
509	MUNDARI	eye	med
510	JEH	nose	muh
511	BAHNAR	nose	muh
512	CHRAU	nose	muh
513	VIETNAMESE	nose	mui
514	RUC	nose	muəh
515	MON	nose	muh
516	NYAKUR	nose	hmok
517	KHMER	nose	t͡ʃrəmuh
518	KUI_THAILAND	nose	muh
519	SEMAI	nose	muh
520	WA	nose	məih
521	DEANG	nose	muih
522	KHMU	nose	muh
523	KSINMUL	nose	moh
524	KHASI	nose	kʰmut
525	MUNDARI	nose	mũ
526	JEH	mouth	təmun
527	BAHNAR	mouth	bər
528	VIETNAMESE	mouth	mieŋ
529	RUC	mouth	kaŋ
530	MON	mouth	paŋ
531	NYAKUR	mouth	paŋ
532	KHMER	mouth	mat
533	KUI_THAILAND	mouth	noh
534	SEMAI	mouth	mpakŋ
535	WA	mouth	ʲʰəih
536	DEANG	mouth	sop
537	KHMU	mouth	tənoh
538	KSINMUL	mouth	ɲuk
539	KHASI	mouth	sʰintur
540	MUNDARI	mouth	mot͡ʃa
541	JEH	tooth	sineŋ
542	BAHNAR	tooth	səneɲ
543	CHRAU	tooth	set͡ʃ
544	VIETNAMESE	tooth	raŋ
545	RUC	tooth	kasaŋ
546	MON	tooth	ŋek
547	NYAKUR	tooth	ŋiək
548	KHMER	tooth	dʰəmən
549	KUI_THAILAND	tooth	kənɛɲ
550	SEMAI	tooth	lmuɲ
551	WA	tooth	rʰaŋ
552	DEANG	tooth	rʰaŋ
553	KHMU	tooth	raŋ
554	KSINMUL	tooth	həɡiəŋ
555	KHASI	tooth	biniat
556	JEH	tongue	rəpiat
557	BAHNAR	tongue	rəpiet
558	CHRAU	tongue	lapiet
559	VIETNAMESE	tongue	luoi
560	RUC	tongue	ləarʰ
561	MON	tongue	katak
562	NYAKUR	tongue	ntak
563	KHMER	tongue	əntak
564	KUI_THAILAND	tongue	ntaʔ
565	SEMAI	tongue	lntak
566	WA	tongue	dak
567	DEANG	tongue	ktaʔ
568	KHMU	tongue	həntak
569	KSINMUL	tongue	həltak
570	KHASI	tongue	tʰillied
571	MUNDARI	tongue	leʔ
572	JEH	claw	kənialʰ
573	BAHNAR	claw	teŋiəh
574	CHRAU	claw	t͡sanʔhjeih
575	VIETNAMESE	claw	moŋ
576	RUC	claw	kəntoŋ
577	MON	claw	sanem
578	NYAKUR	claw	ŋʰliəm
579	KHMER	claw	krət͡ʃok
580	KUI_THAILAND	claw	ⁿtʰrɛh
581	SEMAI	claw	t͡ʃənros
582	WA	claw	ŋʰim
583	DEANG	claw	arʰim
584	KHMU	claw	təmmoŋ
585	KSINMUL	claw	moŋsuəŋ
586	KHASI	claw	tirsim
587	MUNDARI	claw	rama
588	BAHNAR	foot	təpaŋʒəŋ
589	CHRAU	foot	d͡ʒaŋ
590	VIETNAMESE	foot	tan
591	RUC	foot	t͡ʃiŋ
592	MON	foot	ʒoŋ
593	NYAKUR	foot	t͡ʃʰuŋ
594	KHMER	foot	ʒaəŋ
595	KUI_THAILAND	foot	ʒəŋ
596	SEMAI	foot	ʒukŋ
597	WA	foot	t͡ʃauŋ
598	DEANG	foot	ʒəŋ
599	KHMU	foot	t͡ʃəaŋ
600	KSINMUL	foot	zuŋ
601	KHASI	foot	kinʒat
602	MUNDARI	foot	kata
603	JEH	knee	kroŋ
604	CHRAU	knee	koʔ_kruŋ
605	VIETNAMESE	knee	dau_ɡoi
606	RUC	knee	kuluok_tukul
607	MON	knee	kboaŋ
608	NYAKUR	knee	kəboŋ
609	KHMER	knee	ʒəŋɡaŋ
610	KUI_THAILAND	knee	platəkol
611	SEMAI	knee	kurol
612	WA	knee	pəm_ŋoŋ
613	DEANG	knee	kir_kɛr
614	KHMU	knee	kənun
615	KSINMUL	knee	əluməldil
616	KHASI	knee	kʰosiw
617	JEH	hand	ti
618	BAHNAR	hand	ti
619	CHRAU	hand	ti
620	VIETNAMESE	hand	taj
621	RUC	hand	si
622	MON	hand	taj
623	NYAKUR	hand	tɛj
624	KHMER	hand	taj
625	KUI_THAILAND	hand	te
626	SEMAI	hand	təkŋ
627	WA	hand	taiʔ
628	DEANG	hand	tai
629	KHMU	hand	kətakti
630	KSINMUL	hand	kəsap
631	KHASI	hand	kti
632	MUNDARI	hand	ti
633	BAHNAR	neck	ako
634	CHRAU	neck	nko
635	VIETNAMESE	neck	ko
636	MON	neck	kaʔ
637	NYAKUR	neck	koʔ
638	KHMER	neck	ko
639	KUI_THAILAND	neck	kaŋ
640	SEMAI	neck	taŋən
641	WA	neck	ŋok
642	DEANG	neck	amoŋ
643	KHMU	neck	kəntuar
644	KSINMUL	neck	kok
645	KHASI	neck	rindaŋ
646	MUNDARI	neck	hotoʔ
647	JEH	heart	noʲʰ
648	BAHNAR	heart	nuih
649	CHRAU	heart	plaj_nuih
650	MON	heart	ɡruih
651	NYAKUR	heart	ɲʲum
652	KUI_THAILAND	heart	pʰam
653	SEMAI	heart	nus
654	WA	heart	rʰom
655	DEANG	heart	noih
656	KHMU	heart	hərnəam
657	KSINMUL	heart	en
658	KHASI	heart	kloŋ_snam
659	JEH	liver	klem
660	BAHNAR	liver	kləm
661	CHRAU	liver	kʰlom
662	RUC	liver	loəm
663	MON	liver	ɡruih
664	NYAKUR	liver	kʰrih
665	KHMER	liver	tʰlaəm
666	KUI_THAILAND	liver	luam
667	SEMAI	liver	ris
668	WA	liver	tom
669	DEANG	liver	ktom
670	KHMU	liver	təlom
671	KSINMUL	liver	təlom
672	KHASI	liver	ba_im
673	MUNDARI	liver	im
674	JEH	drink	hut
675	BAHNAR	drink	ɲa
676	CHRAU	drink	hut͡ʃ
677	VIETNAMESE	drink	uoŋ
678	RUC	drink	ɲu
679	MON	drink	suŋ
680	NYAKUR	drink	t͡ʃʰoŋ
681	KHMER	drink	pʰək
682	KUI_THAILAND	drink	ŋuat͡ʃ
683	SEMAI	drink	ŋut
684	WA	drink	rʰəp
685	DEANG	drink	rʰəp
686	KHMU	drink	uak
687	KSINMUL	drink	uk
688	KHASI	drink	dih
689	MUNDARI	drink	nu
690	JEH	eat	t͡ʃa
691	BAHNAR	eat	sa
692	CHRAU	eat	sa
693	VIETNAMESE	eat	an
694	RUC	eat	an
695	MON	eat	t͡ʃa
696	NYAKUR	eat	t͡ʃaʔ
697	KHMER	eat	ɲam
698	KUI_THAILAND	eat	t͡ʃa
699	SEMAI	eat	t͡ʃaʔ
700	WA	eat	som
701	DEANG	eat	hom
702	KHMU	eat	pə
703	KSINMUL	eat	t͡ʃa
704	KHASI	eat	ʒom
705	MUNDARI	eat	ʒom
706	JEH	bite	kap
707	BAHNAR	bite	kap
708	RUC	bite	kom
709	MON	bite	kit
710	NYAKUR	bite	kət
711	KHMER	bite	kʰam
712	KUI_THAILAND	bite	kap
713	SEMAI	bite	kap
714	WA	bite	kiat
715	DEANG	bite	ɡaʔ
716	KHMU	bite	pok
717	KSINMUL	bite	ak
718	KHASI	bite	dait
719	MUNDARI	bite	hua
720	JEH	see	tau
721	BAHNAR	see	boh
722	CHRAU	see	saj
723	RUC	see	t͡ʃəŋ
724	MON	see	ɲat
725	NYAKUR	see	maəl
726	KHMER	see	maəl
727	KUI_THAILAND	see	sir
728	SEMAI	see	nɛŋ
729	WA	see	jauʔ
730	DEANG	see	jə
731	KHMU	see	kun
732	KSINMUL	see	diə
733	KHASI	see	kʰimih
734	MUNDARI	see	lel
735	JEH	hear	ɲaŋ
736	BAHNAR	hear	kəteŋ
737	CHRAU	hear	t͡ʃaŋ
738	VIETNAMESE	hear	ŋhe
739	RUC	hear	t͡ʃamaŋ
740	MON	hear	miŋ
741	NYAKUR	hear	kʰəməɲ
742	KHMER	hear	lə
743	KUI_THAILAND	hear	saŋ
744	SEMAI	hear	ɡərtek
745	WA	hear	mʰoŋ
746	DEANG	hear	sŋaujə
747	KHMU	hear	met͡ʃ
748	KSINMUL	hear	al
749	KHASI	hear	sŋow
750	MUNDARI	hear	ajum
751	JEH	know	lo
752	BAHNAR	know	bat
753	CHRAU	know	ɡut
754	VIETNAMESE	know	biet
755	RUC	know	hi
756	MON	know	tim
757	NYAKUR	know	t͡ʃədəm
758	KHMER	know	təŋ
759	KUI_THAILAND	know	diɲ
760	WA	know	juŋ
761	DEANG	know	nap
762	KHMU	know	nəŋ
763	KSINMUL	know	zuə
764	KHASI	know	tip
765	MUNDARI	know	itu
766	JEH	sleep	kat
767	BAHNAR	sleep	tep
768	RUC	sleep	ɲəp
769	MON	sleep	stik
770	NYAKUR	sleep	puɲŋkuj
771	KHMER	sleep	tək
772	KUI_THAILAND	sleep	ŋɛt
773	SEMAI	sleep	bɛt
774	WA	sleep	it
775	DEANG	sleep	it
776	KHMU	sleep	sis
777	KSINMUL	sleep	em
778	KHASI	sleep	tʰiah
779	MUNDARI	sleep	durum
780	JEH	die	kət͡ʃʰiat
781	BAHNAR	die	kətet͡ʃ
782	CHRAU	die	t͡ʃut
783	VIETNAMESE	die	tet
784	RUC	die	kut͡ʃit
785	MON	die	kʰʲuit
786	NYAKUR	die	kət͡ʃɛt
787	KHMER	die	slap
788	KUI_THAILAND	die	lah
789	SEMAI	die	dat
790	WA	die	jum
791	DEANG	die	jam
792	KHMU	die	han
793	KSINMUL	die	siən
794	KHASI	die	iap_noh
795	MUNDARI	die	ɡoʒuʔ
796	JEH	kill	ʒah
797	BAHNAR	kill	pəlot͡ʃ
798	CHRAU	kill	tat͡ʃut
799	VIETNAMESE	kill	ɡiet
800	RUC	kill	kat͡ʃit
801	MON	kill	ɡat͡ʃuit
802	NYAKUR	kill	kət͡ʃɛt
803	KHMER	kill	səmlap
804	KUI_THAILAND	kill	kət͡ʃɛt
805	SEMAI	kill	pərdat
806	WA	kill	paəh
807	DEANG	kill	ŋah
808	KHMU	kill	pʰan
809	KSINMUL	kill	pəsiən
810	KHASI	kill	piniap
811	MUNDARI	kill	ɡieʔ
812	JEH	swim	pəloi
813	BAHNAR	swim	ɡləi
814	RUC	swim	aja
815	MON	swim	biŋ
816	NYAKUR	swim	biɲ
817	KHMER	swim	hel
818	KUI_THAILAND	swim	loi
819	SEMAI	swim	loj
820	WA	swim	loi
821	DEANG	swim	lam_ŋa
822	KHMU	swim	waj
823	KSINMUL	swim	loj
824	KHASI	swim	ʒiŋi
825	MUNDARI	swim	ojar
826	JEH	walk	t͡ʃiu
827	BAHNAR	walk	ano
828	CHRAU	walk	saʔ
829	VIETNAMESE	walk	di
830	RUC	walk	ti
831	NYAKUR	walk	ar
832	KHMER	walk	taər
833	KUI_THAILAND	walk	hut͡ʃ
834	SEMAI	walk	t͡ʃip
835	WA	walk	hu
836	DEANG	walk	hau
837	KHMU	walk	joh
838	KSINMUL	walk	zu
839	KHASI	walk	iaid
840	MUNDARI	walk	sen
841	RUC	come	ti
842	MON	come	kluŋ
843	NYAKUR	come	loŋ
844	KHMER	come	mok
845	KUI_THAILAND	come	t͡ʃau
846	SEMAI	come	bɛj
847	WA	come	hoik
848	DEANG	come	rot
849	KHMU	come	kaj
850	KSINMUL	come	pleh
851	KHASI	come	wan
852	MUNDARI	come	hiʒuʔ
853	JEH	lie	kat
854	BAHNAR	lie	pəsom
855	CHRAU	lie	viʔ
856	VIETNAMESE	lie	ŋu
857	RUC	lie	nəp
858	MON	lie	wat
859	NYAKUR	lie	puɲ
860	KHMER	lie	ɡəŋ
861	KUI_THAILAND	lie	tit͡ʃ
862	SEMAI	lie	daʔ
863	WA	lie	noi
864	KHMU	lie	ŋim
865	KSINMUL	lie	em
866	KHASI	lie	sʰaniah
867	MUNDARI	lie	ɡitiʔ
868	JEH	sit	sinan
869	CHRAU	sit	ɡuʔ
870	VIETNAMESE	sit	ŋoi
871	RUC	sit	ŋoj
872	MON	sit	ɡaʒaʔ
873	NYAKUR	sit	tʰoŋ
874	KHMER	sit	əŋɡuj
875	SEMAI	sit	ɡəj
876	WA	sit	ŋom
877	DEANG	sit	ŋoi
878	KHMU	sit	ten
879	KSINMUL	sit	kliən
880	KHASI	sit	sʰoŋ
881	MUNDARI	sit	dub
882	BAHNAR	stand	doŋ
883	VIETNAMESE	stand	duŋ_ʒaj
884	RUC	stand	taŋ
885	MON	stand	tuiw
886	NYAKUR	stand	jən
887	KHMER	stand	ʒʰar
888	KUI_THAILAND	stand	tejəŋ
889	SEMAI	stand	ʒiɲʒək
890	WA	stand	t͡ʃuŋ
891	DEANG	stand	ʒaŋ
892	KHMU	stand	tən
893	KSINMUL	stand	t͡ʃal
894	KHASI	stand	ieŋ
895	MUNDARI	stand	tiŋɡu
896	JEH	give	doh
897	BAHNAR	give	an
898	CHRAU	give	an
899	VIETNAMESE	give	to
900	MON	give	kuiw
901	NYAKUR	give	kul
902	KHMER	give	oj
903	KUI_THAILAND	give	an
904	SEMAI	give	ok
905	WA	give	toʔ
906	DEANG	give	don
907	KHMU	give	un
908	KSINMUL	give	mah
909	MUNDARI	give	om
910	JEH	say	tətah
911	BAHNAR	say	pəma
912	CHRAU	say	paɲ
913	VIETNAMESE	say	raŋ
914	RUC	say	t͡ʃol
915	MON	say	huim
916	NYAKUR	say	pʰut
917	KHMER	say	srəti
918	SEMAI	say	pder
919	WA	say	krai
920	DEANG	say	ɡrai
921	KHMU	say	lo
922	KSINMUL	say	waw
923	KHASI	say	oŋ
924	MUNDARI	say	men
925	JEH	sun	matŋaj
926	BAHNAR	sun	nar
927	CHRAU	sun	mat_nar
928	VIETNAMESE	sun	mat_t͡ʃoi
929	RUC	sun	mətpləj
930	MON	sun	tŋaj
931	NYAKUR	sun	hãj
932	KHMER	sun	tʰəŋaj
933	KUI_THAILAND	sun	məniaŋ
934	SEMAI	sun	matʒis
935	WA	sun	siŋaiʔ
936	DEANG	sun	sŋoi
937	KHMU	sun	matpri
938	KSINMUL	sun	t͡ʃəlŋe
939	KHASI	sun	sŋi
940	MUNDARI	sun	siŋɡi
941	JEH	moon	kʰei
942	BAHNAR	moon	kʰei
943	CHRAU	moon	kʰaj
944	VIETNAMESE	moon	t͡ʃaŋ
945	MON	moon	ɡatu
946	NYAKUR	moon	ntuʔ
947	KHMER	moon	kʰɛ
948	KUI_THAILAND	moon	mpʰriaŋsai
949	SEMAI	moon	ɡt͡ʃɛʔ
950	WA	moon	kʰiʔ
951	DEANG	moon	plaŋ_kiar
952	KHMU	moon	moŋ
953	KSINMUL	moon	blah
954	KHASI	moon	binai
955	JEH	star	hloŋ
956	BAHNAR	star	səŋloŋ
957	CHRAU	star	simaɲ
958	RUC	star	kumiɲ
959	MON	star	saman
960	KHMER	star	pʰəkaj
961	KUI_THAILAND	star	ntar
962	SEMAI	star	prloj
963	WA	star	simʔuiŋ
964	DEANG	star	sman
965	KHMU	star	sərmin
966	KSINMUL	star	məɲ
967	KHASI	star	kʰlur
968	MUNDARI	star	ipil
969	JEH	water	dak
970	BAHNAR	water	dak
971	CHRAU	water	daʔ
972	VIETNAMESE	water	nuok
973	RUC	water	daʔ
974	MON	water	dak
975	NYAKUR	water	dak
976	KHMER	water	dək
977	KUI_THAILAND	water	diaʔ
978	SEMAI	water	tew
979	WA	water	rom
980	DEANG	water	om
981	KHMU	water	om
982	KSINMUL	water	hot
983	KHASI	water	um
984	MUNDARI	water	daʔ
985	JEH	rain	mriah
986	BAHNAR	rain	mi
987	CHRAU	rain	mi
988	VIETNAMESE	rain	mua
989	RUC	rain	kuməa
990	MON	rain	braj
991	NYAKUR	rain	pʰrɛj
992	KHMER	rain	bʰliəŋ
993	KUI_THAILAND	rain	məmia
994	SEMAI	rain	maniʔ
995	WA	rain	lʰɛʔ
996	DEANG	rain	klai
997	KHMU	rain	kəma
998	KSINMUL	rain	əmə
999	KHASI	rain	slap
1000	MUNDARI	rain	ɡama
1001	JEH	stone	təmou
1002	BAHNAR	stone	təmo
1003	CHRAU	stone	tamo
1004	VIETNAMESE	stone	da
1005	RUC	stone	lata
1006	MON	stone	tmoʔ
1007	NYAKUR	stone	hmoʔ
1008	KHMER	stone	tʰəmo
1009	KUI_THAILAND	stone	təmau
1010	WA	stone	si_mauʔ
1011	DEANG	stone	mau
1012	KHMU	stone	klaŋ
1013	KSINMUL	stone	əliəŋ
1014	KHASI	stone	maw
1015	MUNDARI	stone	diri
1016	JEH	sand	t͡ʃoih
1017	BAHNAR	sand	t͡ʃuəh
1018	CHRAU	sand	t͡ʃʷoh
1019	VIETNAMESE	sand	kat
1020	RUC	sand	təkat͡ʃ
1021	MON	sand	bti
1022	NYAKUR	sand	ntəl
1023	KHMER	sand	kʰəsat͡ʃ
1024	WA	sand	mʰaik
1025	DEANG	sand	kʰaiʔ
1026	KHMU	sand	t͡ʃres
1027	KHASI	sand	sʰiap
1028	MUNDARI	sand	ɡitil
1029	JEH	earth	neh
1030	BAHNAR	earth	tɛh
1031	CHRAU	earth	nteh
1032	VIETNAMESE	earth	dat
1033	MON	earth	ti
1034	NYAKUR	earth	tiʔ
1035	KHMER	earth	ti
1036	KUI_THAILAND	earth	kətɛʔ
1037	SEMAI	earth	teʔ
1038	WA	earth	tɛʔ
1039	DEANG	earth	kʼtai
1040	KHMU	earth	pəte
1041	KSINMUL	earth	kəte
1042	KHASI	earth	pirtʰei
1043	MUNDARI	earth	ote
1044	JEH	cloud	kəsok
1045	BAHNAR	cloud	həməl
1046	CHRAU	cloud	tuʔ
1047	VIETNAMESE	cloud	mad͡ʒ
1048	RUC	cloud	məl
1049	MON	cloud	matbrai
1050	NYAKUR	cloud	mok
1051	KHMER	cloud	bəbok
1052	KUI_THAILAND	cloud	hlət
1053	WA	cloud	paiʔom
1054	DEANG	cloud	ⁿʰʔut
1055	KHMU	cloud	put
1056	KSINMUL	cloud	mok
1057	KHASI	cloud	lʲʼoh
1058	MUNDARI	cloud	rimil
1059	JEH	smoke	hnuai
1060	BAHNAR	smoke	ɲui
1061	CHRAU	smoke	ɲuʔ
1062	VIETNAMESE	smoke	kxoi
1063	RUC	smoke	kahoj
1064	MON	smoke	jak
1065	NYAKUR	smoke	jak
1066	KHMER	smoke	pʰəsɛŋ
1067	KUI_THAILAND	smoke	mpiʔ
1068	SEMAI	smoke	t͡ʃul
1069	WA	smoke	tauʔ
1070	DEANG	smoke	toʔ
1071	KHMU	smoke	pətə
1072	KSINMUL	smoke	pətow
1073	KHASI	smoke	ⁿdem
1074	MUNDARI	smoke	sukul
1075	JEH	fire	on
1076	BAHNAR	fire	uɲ
1077	CHRAU	fire	uɲ
1078	VIETNAMESE	fire	lua
1079	RUC	fire	kurʰ
1080	MON	fire	pamat
1081	NYAKUR	fire	kəmat
1082	KHMER	fire	bʰlaəŋ
1083	KUI_THAILAND	fire	uh
1084	SEMAI	fire	os
1085	WA	fire	ŋu
1086	DEANG	fire	ŋar
1087	KHMU	fire	pərləa
1088	KSINMUL	fire	həɡoŋ
1089	KHASI	fire	diŋ
1090	MUNDARI	fire	seŋɡel
1091	JEH	ashes	luŋ_lok
1092	BAHNAR	ashes	həjok
1093	CHRAU	ashes	vuh
1094	VIETNAMESE	ashes	t͡ʃo
1095	RUC	ashes	təpɛh
1096	MON	ashes	pateŋ
1097	NYAKUR	ashes	pətiɲ
1098	KHMER	ashes	pʰɛh
1099	KUI_THAILAND	ashes	pʰaʔ
1100	SEMAI	ashes	ɡŋhəl
1101	WA	ashes	ɲauʔ
1102	DEANG	ashes	kʼfaŋ
1103	KHMU	ashes	poh
1104	KSINMUL	ashes	əboh
1105	KHASI	ashes	dipei
1106	MUNDARI	ashes	toroeʔ
1107	CHRAU	burn	ŋit
1108	RUC	burn	takat
1109	MON	burn	tau
1110	NYAKUR	burn	kʰlak
1111	KHMER	burn	tut
1112	KUI_THAILAND	burn	t͡ʃaŋ
1113	WA	burn	kəik
1114	KHMU	burn	pok
1115	KHASI	burn	iŋ
1116	MUNDARI	burn	ro
1117	JEH	road	traŋ
1118	BAHNAR	road	troŋ
1119	CHRAU	road	troŋ
1120	VIETNAMESE	road	duoŋ
1121	MON	road	traw
1122	NYAKUR	road	trew
1123	KHMER	road	ʒəluw_tʰənal
1124	KUI_THAILAND	road	kəna
1125	SEMAI	road	nuŋ
1126	WA	road	kraʔ
1127	DEANG	road	ndɛŋ
1128	KHMU	road	ŋor
1129	KSINMUL	road	tum
1130	KHASI	road	surok
1131	MUNDARI	road	hora
1132	JEH	mountain	ŋuk
1133	BAHNAR	mountain	koŋ
1134	CHRAU	mountain	ɡuŋ
1135	VIETNAMESE	mountain	nui
1136	RUC	mountain	t͡ʃət
1137	MON	mountain	duiw
1138	NYAKUR	mountain	kur
1139	KHMER	mountain	bʰənom
1140	KUI_THAILAND	mountain	bru
1141	SEMAI	mountain	lot
1142	WA	mountain	ɡoŋ
1143	DEANG	mountain	svr
1144	KHMU	mountain	mok
1145	KSINMUL	mountain	kʰeɡaŋ
1146	KHASI	mountain	limbah
1147	MUNDARI	mountain	buru
1148	JEH	red	dum
1149	BAHNAR	red	bre
1150	CHRAU	red	prho
1151	VIETNAMESE	red	do
1152	RUC	red	to
1153	MON	red	bkat
1154	NYAKUR	red	pʰələɲ
1155	KHMER	red	krəham
1156	KUI_THAILAND	red	ksaw
1157	SEMAI	red	rŋaɲ
1158	WA	red	rauh
1159	DEANG	red	rəŋ
1160	KHMU	red	jim
1161	KSINMUL	red	kəʔet
1162	KHASI	red	saw
1163	MUNDARI	red	araʔ
1164	JEH	green	drih
1165	BAHNAR	green	ʒək
1166	MON	green	saŋeak
1167	NYAKUR	green	lət͡ʃok
1168	KHMER	green	pajtaŋ
1169	WA	green	klai
1170	DEANG	green	ɲiar
1171	KHMU	green	t͡ʃəŋar
1172	KSINMUL	green	le
1173	MUNDARI	green	ɡaded
1174	JEH	yellow	driŋ
1175	BAHNAR	yellow	dreŋ
1176	CHRAU	yellow	ramut
1177	VIETNAMESE	yellow	vaŋ
1178	RUC	yellow	vaŋ
1179	MON	yellow	damit
1180	NYAKUR	yellow	pət͡ʃuɲ
1181	KHMER	yellow	ləŋ
1182	SEMAI	yellow	pʰok
1183	WA	yellow	lʰəŋ
1184	DEANG	yellow	təŋ
1185	KHMU	yellow	si_ləŋ
1186	KSINMUL	yellow	ləŋ
1187	KHASI	yellow	stem
1188	MUNDARI	yellow	sa_saŋ
1189	JEH	white	təbok
1190	BAHNAR	white	kok
1191	CHRAU	white	voʔ
1192	VIETNAMESE	white	t͡ʃaŋ
1193	RUC	white	təkal
1194	MON	white	bu
1195	NYAKUR	white	t͡ʃʰuŋ
1196	KHMER	white	so
1197	KUI_THAILAND	white	buaʔ
1198	SEMAI	white	bʲɛk
1199	WA	white	paiŋ
1200	DEANG	white	bloʔ
1201	KHMU	white	klok
1202	KSINMUL	white	luək
1203	KHASI	white	lih
1204	JEH	black	ɲuŋ
1205	BAHNAR	black	ɡam
1206	CHRAU	black	d͡ʒuʔ
1207	VIETNAMESE	black	den
1208	RUC	black	tɛntɛn
1209	MON	black	ləmt͡ʃok
1210	NYAKUR	black	pʰliət
1211	KHMER	black	kʰəmaw
1212	KUI_THAILAND	black	tʷɛɲ
1213	SEMAI	black	blʔak
1214	WA	black	luŋ
1215	DEANG	black	vaŋ
1216	KHMU	black	həaŋ
1217	KSINMUL	black	ot͡ʃ
1218	KHASI	black	ioŋ
1219	MUNDARI	black	heⁿde
1220	JEH	night	maŋ
1221	BAHNAR	night	maŋ
1222	CHRAU	night	maŋ
1223	VIETNAMESE	night	dem
1224	MON	night	btam
1225	NYAKUR	night	pətam
1226	KHMER	night	jop
1227	KUI_THAILAND	night	kʰriau
1228	SEMAI	night	təpm
1229	WA	night	pomsom
1230	DEANG	night	səm
1231	KHMU	night	pəsəam
1232	KSINMUL	night	pət
1233	KHASI	night	miet
1234	VIETNAMESE	warm	noŋ
1235	RUC	warm	təl
1236	MON	warm	ɡuim
1237	NYAKUR	warm	rəʔuɲ
1238	KHMER	warm	kədaw
1239	DEANG	warm	un
1240	KHMU	warm	ŋəkəm
1241	KSINMUL	warm	ɡəm
1242	MUNDARI	warm	lolo
1243	JEH	cold	rəteh
1244	BAHNAR	cold	təŋiet
1245	CHRAU	cold	takat
1246	RUC	cold	lubat
1247	MON	cold	ɡoak
1248	NYAKUR	cold	təkat
1249	KHMER	cold	trəʒak
1250	KUI_THAILAND	cold	t͡ʃŋɛt
1251	SEMAI	cold	sŋɛt͡ʃ
1252	WA	cold	kuat
1253	DEANG	cold	kat
1254	KHMU	cold	ŋar
1255	KSINMUL	cold	kʰreat
1256	KHASI	cold	kʰreat
1257	MUNDARI	cold	tutukan
1258	JEH	full	biŋ
1259	BAHNAR	full	ben̪
1260	CHRAU	full	veɲ
1261	VIETNAMESE	full	daj
1262	RUC	full	blam
1263	MON	full	peŋ
1264	NYAKUR	full	pin̪
1265	KHMER	full	bən
1266	SEMAI	full	təbek
1267	WA	full	nauk
1268	DEANG	full	noʔ
1269	KHMU	full	kin
1270	KSINMUL	full	kiɲ
1271	KHASI	full	dap
1272	JEH	new	nao
1273	BAHNAR	new	hlɛ
1274	CHRAU	new	me
1275	VIETNAMESE	new	moi
1276	RUC	new	bəj
1277	MON	new	tami
1278	NYAKUR	new	təmiʔ
1279	KHMER	new	tʰmi
1280	KUI_THAILAND	new	tmai
1281	SEMAI	new	paj
1282	WA	new	kʰrauʔ
1283	DEANG	new	kmai
1284	KHMU	new	hənme
1285	KSINMUL	new	həme
1286	KHASI	new	tʰimmai
1287	JEH	good	liam
1288	BAHNAR	good	liɛm
1289	CHRAU	good	jah
1290	VIETNAMESE	good	tot
1291	RUC	good	jah
1292	MON	good	kʰuih
1293	NYAKUR	good	hnap
1294	KHMER	good	ləʔo
1295	SEMAI	good	bor
1296	WA	good	mʰəm
1297	DEANG	good	mʰəm
1298	KHMU	good	lə
1299	KSINMUL	good	tuh
1300	KHASI	good	babha
1301	MUNDARI	good	buɡi
1302	BAHNAR	round	həpom
1303	RUC	round	klon
1304	MON	round	kʰdom
1305	NYAKUR	round	kəlpum
1306	KHMER	round	mul
1307	KUI_THAILAND	round	dul
1308	WA	round	lomle
1309	KHMU	round	mon
1310	KSINMUL	round	mon
1311	KHASI	round	pillun
1312	JEH	dry	raŋ
1313	BAHNAR	dry	hreŋ
1314	CHRAU	dry	sah
1315	MON	dry	səmkah
1316	NYAKUR	dry	t͡ʃəkas
1317	KHMER	dry	sŋuət
1318	KUI_THAILAND	dry	sʔat
1319	SEMAI	dry	hot͡ʃ
1320	WA	dry	kroh
1321	KHMU	dry	ras
1322	KHASI	dry	rikʰiaŋ
1323	MUNDARI	dry	roro
1324	JEH	name	təliʔ
1325	CHRAU	name	saʔ
1326	VIETNAMESE	name	ten
1327	KHMER	name	ʒʰəmaoh
1328	KUI_THAILAND	name	məh
1329	SEMAI	name	muh
1330	WA	name	kaəʔ
1331	KHASI	name	kirteŋ
1332	MUNDARI	name	nutum
1333	ClassicalNahuatl	I	neʔwaːtl
1334	TetelcingoNahuatl	I	naha
1335	NorthPueblaNahuatl	I	nehwatl
1336	MecayapanNahuat	I	neh
1337	PajapanNahuat	I	neha
1338	JalupaNahuat	I	nehe
1339	Pipil	I	na
1340	Pochutec	I	nen
1341	ProtoAztecan	I	naha
1342	ClassicalNahuatl	all	mochin
1343	TetelcingoNahuatl	all	nochiː
1344	NorthPueblaNahuatl	all	nochin
1345	MecayapanNahuat	all	nochi
1346	PajapanNahuat	all	nochi
1347	JalupaNahuat	all	muchi
1348	Pipil	all	muchi
1349	Pochutec	all	nochó
1350	ProtoAztecan	all	mochɨm
1351	ClassicalNahuatl	ashes	nextli
1352	TetelcingoNahuatl	ashes	tlakonextliː
1353	NorthPueblaNahuatl	ashes	tlekonextli
1354	MecayapanNahuat	ashes	kwaneːx
1355	PajapanNahuat	ashes	baneːx
1356	JalupaNahuat	ashes	kónexti
1357	Pipil	ashes	nexti
1358	Pochutec	ashes	noxt
1359	ProtoAztecan	ashes	nɨxtlɨ
1360	ClassicalNahuatl	bark	eːwatl
1361	TetelcingoNahuatl	bark	yewayutl
1362	NorthPueblaNahuatl	bark	yewayo
1363	MecayapanNahuat	bark	kwakahloːʔ
1364	PajapanNahuat	bark	bagahlo
1365	JalupaNahuat	bark	sulkoi
1366	Pipil	bark	eːwayu
1367	ProtoAztecan	bark	ɨwaːyoːtl
1368	ClassicalNahuatl	bite	keʔtzom
1369	TetelcingoNahuatl	bite	ketzoma
1370	NorthPueblaNahuatl	bite	tlankechiya
1371	MecayapanNahuat	bite	tankwa
1372	PajapanNahuat	bite	tamba
1373	Pipil	bite	tankwa
1374	ProtoAztecan	bite	kɨhtzoma
1375	ClassicalNahuatl	black	tliːltik
1376	TetelcingoNahuatl	black	tliltiːk
1377	NorthPueblaNahuatl	black	tliltik
1378	MecayapanNahuat	black	piːstiʔ
1379	PajapanNahuat	black	pistik
1380	JalupaNahuat	black	yayák
1381	Pipil	black	tiːltik_
1382	ProtoAztecan	black	tliːltɨk
1383	ClassicalNahuatl	blood	estli
1384	TetelcingoNahuatl	blood	yestliː
1385	NorthPueblaNahuatl	blood	yestli
1386	MecayapanNahuat	blood	esti
1387	PajapanNahuat	blood	esti
1388	JalupaNahuat	blood	esti
1389	Pipil	blood	esti
1390	Pochutec	blood	est
1391	ProtoAztecan	blood	ɨstlɨ
1392	ClassicalNahuatl	bone	omitl
1393	TetelcingoNahuatl	bone	miːmiːtetl
1394	NorthPueblaNahuatl	bone	ohmitl
1395	MecayapanNahuat	bone	omiʔ
1396	PajapanNahuat	bone	omit
1397	JalupaNahuat	bone	umit
1398	Pipil	bone	uːmit
1399	Pochutec	bone	ot
1400	ProtoAztecan	bone	oːmɨtl
1401	ClassicalNahuatl	burn	tlatiaː
1402	TetelcingoNahuatl	burn	tlatia
1403	NorthPueblaNahuatl	burn	tititza
1404	MecayapanNahuat	burn	tatiá
1405	PajapanNahuat	burn	tata
1406	JalupaNahuat	burn	tati
1407	Pipil	burn	tatia
1408	Pochutec	burn	tatí
1409	ProtoAztecan	burn	tlatɨha
1410	ClassicalNahuatl	claw	istetl
1411	TetelcingoNahuatl	claw	iste
1412	NorthPueblaNahuatl	claw	istn
1413	MecayapanNahuat	claw	isti
1414	PajapanNahuat	claw	isti
1415	JalupaNahuat	claw	isti
1416	Pipil	claw	istit
1417	Pochutec	claw	oxt
1418	ProtoAztecan	claw	ɨstɨ
1419	ClassicalNahuatl	cloud	mixtli
1420	TetelcingoNahuatl	cloud	mextliː
1421	NorthPueblaNahuatl	cloud	mextli
1422	MecayapanNahuat	cloud	mixti
1423	PajapanNahuat	cloud	miːxti
1424	Pipil	cloud	mixti
1425	Pochutec	cloud	pixt?
1426	ProtoAztecan	cloud	mixtlɨ
1427	ClassicalNahuatl	cold	iːtztik
1428	TetelcingoNahuatl	cold	itztiːk
1429	NorthPueblaNahuatl	cold	itztik
1430	MecayapanNahuat	cold	seseːʔ
1431	PajapanNahuat	cold	seseːk
1432	JalupaNahuat	cold	sesek
1433	Pipil	cold	sesek
1434	Pochutec	cold	piná
1435	ProtoAztecan	cold	sesek
1436	ClassicalNahuatl	come	witz
1437	TetelcingoNahuatl	come	ibitz
1438	NorthPueblaNahuatl	come	witz
1439	MecayapanNahuat	come	wiːʔ
1440	PajapanNahuat	come	wiːtz
1441	JalupaNahuat	come	ñotz
1442	Pipil	come	wiːtz
1443	Pochutec	come	witz
1444	ProtoAztecan	come	wiːtz_
1445	ClassicalNahuatl	die	mik
1446	TetelcingoNahuatl	die	miːkiː
1447	NorthPueblaNahuatl	die	miki
1448	MecayapanNahuat	die	miki
1449	PajapanNahuat	die	migi
1450	JalupaNahuat	die	miki
1451	Pipil	die	miki
1452	Pochutec	die	mok
1453	ProtoAztecan	die	mɨki
1454	ClassicalNahuatl	dog	chichi
1455	TetelcingoNahuatl	dog	chiːchiːtu
1456	NorthPueblaNahuatl	dog	chichi
1457	MecayapanNahuat	dog	peːlo_
1458	PajapanNahuat	dog	pelo_
1459	JalupaNahuat	dog	chuchu
1460	Pipil	dog	peːlu_
1461	Pochutec	dog	tachóm
1462	ClassicalNahuatl	drink	oniː_
1463	TetelcingoNahuatl	drink	oni
1464	NorthPueblaNahuatl	drink	oni
1465	MecayapanNahuat	drink	oniá
1466	PajapanNahuat	drink	oni
1467	JalupaNahuat	drink	xik
1468	Pipil	drink	uni
1469	Pochutec	drink	temí_
1470	ProtoAztecan	drink	ihi
1471	ClassicalNahuatl	dry	waːkki
1472	TetelcingoNahuatl	dry	wahkiː
1473	NorthPueblaNahuatl	dry	wahki
1474	MecayapanNahuat	dry	waːktoʔ
1475	PajapanNahuat	dry	waːktok
1476	JalupaNahuat	dry	waktuk
1477	Pipil	dry	waːktuk
1478	Pochutec	dry	wak
1479	ProtoAztecan	dry	waːk
1480	ClassicalNahuatl	ear	nakastli
1481	TetelcingoNahuatl	ear	nakas
1482	NorthPueblaNahuatl	ear	nakas
1483	MecayapanNahuat	ear	nakas
1484	PajapanNahuat	ear	nagas
1485	JalupaNahuat	ear	nakas
1486	Pipil	ear	nakas
1487	Pochutec	ear	nekést
1488	ProtoAztecan	ear	nakastlɨ
1489	ClassicalNahuatl	earth	tlaːlli
1490	TetelcingoNahuatl	earth	tlöliː
1491	NorthPueblaNahuatl	earth	tlali
1492	MecayapanNahuat	earth	taːhli
1493	PajapanNahuat	earth	taːhli
1494	JalupaNahuat	earth	tahli
1495	Pipil	earth	taːl
1496	Pochutec	earth	tal
1497	ProtoAztecan	earth	tlaːllɨ
1498	ClassicalNahuatl	eat	kwaː
1499	TetelcingoNahuatl	eat	kwa
1500	NorthPueblaNahuatl	eat	kwa
1501	MecayapanNahuat	eat	kwa
1502	PajapanNahuat	eat	baː
1503	JalupaNahuat	eat	bwaː
1504	Pipil	eat	kwa
1505	Pochutec	eat	kwa
1506	ProtoAztecan	eat	kwahaː
1507	ClassicalNahuatl	egg	toːtoltetl
1508	TetelcingoNahuatl	egg	tutoltetl
1509	NorthPueblaNahuatl	egg	totoltetl
1510	MecayapanNahuat	egg	teksis
1511	PajapanNahuat	egg	teksis
1512	JalupaNahuat	egg	piltzin
1513	Pipil	egg	teksisti
1514	Pochutec	egg	titót
1515	ClassicalNahuatl	eye	iːxteloloʔ
1516	TetelcingoNahuatl	eye	ixtelolo
1517	NorthPueblaNahuatl	eye	ixtelolo
1518	MecayapanNahuat	eye	iːx
1519	PajapanNahuat	eye	iːxtololo
1520	JalupaNahuat	eye	iːx
1521	Pipil	eye	iːx
1522	Pochutec	eye	ixtotolút
1523	ProtoAztecan	eye	iːx
1524	ClassicalNahuatl	grease	chiyaːwistli
1525	TetelcingoNahuatl	grease	manteka_
1526	NorthPueblaNahuatl	grease	chiaktli
1527	MecayapanNahuat	grease	tomahka_
1528	PajapanNahuat	grease	mantega_
1529	JalupaNahuat	grease	manteka_
1530	ClassicalNahuatl	feather	ihwitl
1531	TetelcingoNahuatl	feather	tohmitl_
1532	NorthPueblaNahuatl	feather	ihwitl
1533	MecayapanNahuat	feather	tzohmiʔ
1534	PajapanNahuat	feather	tzohmit
1535	JalupaNahuat	feather	iyuhwiyu
1536	Pipil	feather	uhmiyu
1537	ProtoAztecan	feather	ɨ?wɨ
1538	ClassicalNahuatl	fire	tletl
1539	TetelcingoNahuatl	fire	tletzintliː
1540	NorthPueblaNahuatl	fire	tletl
1541	MecayapanNahuat	fire	tiʔti
1542	PajapanNahuat	fire	tit
1543	JalupaNahuat	fire	tit
1544	Pipil	fire	tiːt
1545	Pochutec	fire	tet
1546	ProtoAztecan	fire	tlahitl
1547	ClassicalNahuatl	fish	michin
1548	TetelcingoNahuatl	fish	miːchiː
1549	NorthPueblaNahuatl	fish	michi
1550	MecayapanNahuat	fish	toːpoh
1551	PajapanNahuat	fish	toːpoh
1552	JalupaNahuat	fish	xeːneh
1553	Pipil	fish	michin
1554	Pochutec	fish	michóm
1555	ProtoAztecan	fish	mɨchɨm
1556	ClassicalNahuatl	foot	kxitl
1557	TetelcingoNahuatl	foot	ikxiː
1558	NorthPueblaNahuatl	foot	ikxi
1559	MecayapanNahuat	foot	ikxi
1560	PajapanNahuat	foot	ikxi
1561	JalupaNahuat	foot	ikxi
1562	Pipil	foot	kxi
1563	Pochutec	foot	no
1564	ProtoAztecan	foot	ɨkxɨ
1565	ClassicalNahuatl	full	teːntok
1566	TetelcingoNahuatl	full	tientiːka
1567	NorthPueblaNahuatl	full	tentok
1568	MecayapanNahuat	full	teːntoʔ
1569	PajapanNahuat	full	teːntok
1570	JalupaNahuat	full	neːtik
1571	Pipil	full	teːntuk
1572	ProtoAztecan	full	teːntok
1573	ClassicalNahuatl	give	maka
1574	TetelcingoNahuatl	give	maka
1575	NorthPueblaNahuatl	give	maka
1576	MecayapanNahuat	give	maka
1577	PajapanNahuat	give	maga
1578	JalupaNahuat	give	ma
1579	Pipil	give	maka
1580	Pochutec	give	meká
1581	ProtoAztecan	give	maka
1582	ClassicalNahuatl	good	kwalli
1583	TetelcingoNahuatl	good	kwaliː
1584	NorthPueblaNahuatl	good	kwali
1585	MecayapanNahuat	good	yeːkti
1586	PajapanNahuat	good	yekti
1587	JalupaNahuat	good	yekti
1588	Pipil	good	yeːk
1589	Pochutec	good	ulík_
1590	ProtoAztecan	good	yeːktlɨ
1591	ClassicalNahuatl	good	yektli
1592	ProtoAztecan	good	yeːktlɨ
1593	ClassicalNahuatl	green	xoxoktik
1594	TetelcingoNahuatl	green	xoxoktiːk
1595	NorthPueblaNahuatl	green	xoxoktik
1596	MecayapanNahuat	green	xoxoktiʔ
1597	PajapanNahuat	green	xoxoktik
1598	JalupaNahuat	green	xuxuík
1599	Pipil	green	xuxuwik
1600	Pochutec	green	xwi
1601	ClassicalNahuatl	hair	tzontli
1602	TetelcingoNahuatl	hair	tzontliː
1603	NorthPueblaNahuatl	hair	tzontli
1604	MecayapanNahuat	hair	tzonkal
1605	PajapanNahuat	hair	tzongal
1606	JalupaNahuat	hair	tzunti
1607	Pipil	hair	tzunkal
1608	Pochutec	hair	tzon
1609	ProtoAztecan	hair	tzom
1610	ClassicalNahuatl	hand	maː
1611	TetelcingoNahuatl	hand	mö
1612	NorthPueblaNahuatl	hand	man
1613	MecayapanNahuat	hand	mayiʔ
1614	PajapanNahuat	hand	maː
1615	JalupaNahuat	hand	maːn
1616	Pipil	hand	mey
1617	Pochutec	hand	maí
1618	ProtoAztecan	hand	mah
1619	ClassicalNahuatl	head	kwaːtl
1620	TetelcingoNahuatl	head	tzonteko
1621	NorthPueblaNahuatl	head	tzonteko
1622	MecayapanNahuat	head	tzontekon
1623	PajapanNahuat	head	tzontegon
1624	JalupaNahuat	head	tzuntekon
1625	Pipil	head	tzuntekumat
1626	Pochutec	head	kwaít
1627	ProtoAztecan	head	kwah
1628	ClassicalNahuatl	hear	kak
1629	TetelcingoNahuatl	hear	kakiː
1630	NorthPueblaNahuatl	hear	kaki
1631	MecayapanNahuat	hear	kaki
1632	PajapanNahuat	hear	gagi
1633	JalupaNahuat	hear	kai
1634	Pipil	hear	kaːki
1635	Pochutec	hear	kekí
1636	ProtoAztecan	hear	kaki
1637	ClassicalNahuatl	heart	yoːlli
1638	TetelcingoNahuatl	heart	yulohtliː
1639	NorthPueblaNahuatl	heart	yolo
1640	MecayapanNahuat	heart	yaːlmah_
1641	PajapanNahuat	heart	alma_
1642	JalupaNahuat	heart	yuhlu
1643	Pipil	heart	yul
1644	Pochutec	heart	n
1645	ProtoAztecan	heart	yoːl
1646	ClassicalNahuatl	horn	kwaːkwawtl
1647	NorthPueblaNahuatl	horn	kwakow
1648	MecayapanNahuat	horn	kwaːkwa
1649	PajapanNahuat	horn	baːbaː
1650	JalupaNahuat	horn	kokoit
1651	Pipil	horn	kachoh_
1652	ClassicalNahuatl	kill	mikiːtiaː
1653	TetelcingoNahuatl	kill	miːktiːa
1654	NorthPueblaNahuatl	kill	miktia
1655	MecayapanNahuat	kill	miktia
1656	PajapanNahuat	kill	miktia
1657	JalupaNahuat	kill	mikti
1658	Pipil	kill	miktia
1659	Pochutec	kill	moktí
1660	ProtoAztecan	kill	mɨktɨha
1661	ClassicalNahuatl	knee	tlankwai
1662	TetelcingoNahuatl	knee	tlankwate
1663	NorthPueblaNahuatl	knee	tlankwa
1664	MecayapanNahuat	knee	tankwaːʔ
1665	PajapanNahuat	knee	tamba
1666	JalupaNahuat	knee	tambwan
1667	Pipil	knee	tewahka
1668	ProtoAztecan	knee	tlankwah
1669	ClassicalNahuatl	know	mat
1670	TetelcingoNahuatl	know	matiː
1671	NorthPueblaNahuatl	know	mati
1672	MecayapanNahuat	know	mati
1673	PajapanNahuat	know	mati
1674	JalupaNahuat	know	ma
1675	Pipil	know	mati
1676	Pochutec	know	metí
1677	ProtoAztecan	know	mati
1678	ClassicalNahuatl	leaf	iswatl
1679	TetelcingoNahuatl	leaf	xiːbiːtl
1680	NorthPueblaNahuatl	leaf	xiwitl
1681	MecayapanNahuat	leaf	iswaʔ
1682	PajapanNahuat	leaf	iswat
1683	JalupaNahuat	leaf	iswat
1684	Pipil	leaf	iswat
1685	Pochutec	leaf	xut
1686	ProtoAztecan	leaf	ɨswatl
1687	ClassicalNahuatl	lie	moteːka
1688	TetelcingoNahuatl	lie	motieka
1689	NorthPueblaNahuatl	lie	moteka
1690	MecayapanNahuat	lie	moteːca
1691	PajapanNahuat	lie	motega
1692	JalupaNahuat	lie	murekak_
1693	Pipil	lie	muteːka
1694	Pochutec	lie	teké
1695	ProtoAztecan	lie	moteːka
1696	ClassicalNahuatl	liver	eːlli
1697	NorthPueblaNahuatl	liver	yeltlapach
1698	MecayapanNahuat	liver	yoːl
1699	Pipil	liver	eltapach
1700	ClassicalNahuatl	long	weːiyak
1701	TetelcingoNahuatl	long	beyak
1702	NorthPueblaNahuatl	long	weyak
1703	MecayapanNahuat	long	weːyaktiʔ
1704	PajapanNahuat	long	weːyak
1705	JalupaNahuat	long	weyak
1706	Pipil	long	weyak
1707	ProtoAztecan	long	weheyak
1708	ClassicalNahuatl	louse	atemitl
1709	TetelcingoNahuatl	louse	atiːmiːtl
1710	NorthPueblaNahuatl	louse	pioho_
1711	MecayapanNahuat	louse	atimiʔ
1712	PajapanNahuat	louse	aːtin
1713	JalupaNahuat	louse	aːtin
1714	Pipil	louse	atimet
1715	Pochutec	louse	atómt
1716	ProtoAztecan	louse	atɨmɨtl
1717	ClassicalNahuatl	man	taːkatl
1718	TetelcingoNahuatl	man	umbre_
1719	NorthPueblaNahuatl	man	tlakatl
1720	MecayapanNahuat	man	taːgaʔ
1721	PajapanNahuat	man	taːgat
1722	JalupaNahuat	man	taːkat
1723	Pipil	man	taːkat
1724	Pochutec	man	okóxt
1725	ProtoAztecan	man	tlaːkatl
1726	ClassicalNahuatl	many	miakiːn
1727	TetelcingoNahuatl	many	meyak
1728	NorthPueblaNahuatl	many	miak
1729	MecayapanNahuat	many	miaʔ_
1730	PajapanNahuat	many	miak_
1731	JalupaNahuat	many	miakpa_
1732	Pipil	many	miyak_
1733	Pochutec	many	asók_
1734	ProtoAztecan	many	mɨyak
1735	ClassicalNahuatl	meat	nakatl
1736	TetelcingoNahuatl	meat	nakatl
1737	NorthPueblaNahuatl	meat	nakatl
1738	MecayapanNahuat	meat	nakaʔ
1739	PajapanNahuat	meat	nagat
1740	JalupaNahuat	meat	nakat
1741	Pipil	meat	nakat
1742	Pochutec	meat	nekét_
1743	ProtoAztecan	meat	nakatl
1744	ClassicalNahuatl	moon	meːtztli
1745	TetelcingoNahuatl	moon	mietztliː
1746	NorthPueblaNahuatl	moon	metztli
1747	MecayapanNahuat	moon	meːtzti
1748	PajapanNahuat	moon	meːsti
1749	JalupaNahuat	moon	meːtzti
1750	Pipil	moon	meːtzti
1751	Pochutec	moon	mest
1752	ProtoAztecan	moon	meːtztlɨ
1753	ClassicalNahuatl	mountain	tepeːtl
1754	TetelcingoNahuatl	mountain	tepietl
1755	NorthPueblaNahuatl	mountain	tepetl
1756	MecayapanNahuat	mountain	tepeːʔ
1757	PajapanNahuat	mountain	tepeːt
1758	Pipil	mountain	tepeːt
1759	ProtoAztecan	mountain	tɨpeːtl
1760	ClassicalNahuatl	mouth	kamtl
1761	TetelcingoNahuatl	mouth	kamak
1762	NorthPueblaNahuatl	mouth	kamak
1763	MecayapanNahuat	mouth	teːn
1764	PajapanNahuat	mouth	teːn
1765	JalupaNahuat	mouth	teːn
1766	Pipil	mouth	teːn
1767	Pochutec	mouth	ten
1768	ProtoAztecan	mouth	teːntlɨ
1769	ClassicalNahuatl	name	toːkaːtl
1770	TetelcingoNahuatl	name	tukö
1771	NorthPueblaNahuatl	name	tokahtli
1772	MecayapanNahuat	name	toːkaːʔ
1773	PajapanNahuat	name	toga
1774	JalupaNahuat	name	tuwan
1775	Pipil	name	tuːkey
1776	Pochutec	name	kul
1777	ProtoAztecan	name	toːkaːhɨtl
1778	ClassicalNahuatl	neck	kechtli
1779	TetelcingoNahuatl	neck	kechkochtla
1780	NorthPueblaNahuatl	neck	kech
1781	MecayapanNahuat	neck	kech
1782	PajapanNahuat	neck	geːch
1783	JalupaNahuat	neck	kech
1784	Pipil	neck	kechkuːyu
1785	Pochutec	neck	koxt_
1786	ProtoAztecan	neck	kəchtlɨ
1787	ClassicalNahuatl	new	yankwik
1788	TetelcingoNahuatl	new	yankwiːk
1789	NorthPueblaNahuatl	new	yankwik
1790	MecayapanNahuat	new	yamkwiʔ
1791	PajapanNahuat	new	yambik
1792	JalupaNahuat	new	yambwik
1793	Pipil	new	yankwik
1794	ProtoAztecan	new	yankwik
1795	ClassicalNahuatl	night	yowalli
1796	TetelcingoNahuatl	night	yowaliː
1797	NorthPueblaNahuatl	night	yowali
1798	MecayapanNahuat	night	yowal
1799	PajapanNahuat	night	tayoá
1800	JalupaNahuat	night	tayuwak
1801	Pipil	night	tayuwa
1802	Pochutec	night	owél
1803	ProtoAztecan	night	yowallɨ
1804	ClassicalNahuatl	nose	yaktl
1805	TetelcingoNahuatl	nose	yekatzol
1806	NorthPueblaNahuatl	nose	yekak
1807	MecayapanNahuat	nose	yakti
1808	PajapanNahuat	nose	yagat
1809	JalupaNahuat	nose	yak
1810	Pipil	nose	yak
1811	Pochutec	nose	yekét
1812	ProtoAztecan	nose	yakatl
1813	ClassicalNahuatl	not	aʔmoː
1814	TetelcingoNahuatl	not	amo
1815	NorthPueblaNahuatl	not	ahmo
1816	MecayapanNahuat	not	ayaːʔ
1817	PajapanNahuat	not	amó
1818	JalupaNahuat	not	te
1819	Pipil	not	teː_tesu
1820	Pochutec	not	as
1821	ClassicalNahuatl	one	seː_
1822	TetelcingoNahuatl	one	sie
1823	NorthPueblaNahuatl	one	seya
1824	MecayapanNahuat	one	seː
1825	PajapanNahuat	one	se
1826	JalupaNahuat	one	se
1827	Pipil	one	seː
1828	Pochutec	one	se
1829	ProtoAztecan	one	seː
1830	ClassicalNahuatl	person	tlaːkatl
1831	TetelcingoNahuatl	person	hiente_
1832	MecayapanNahuat	person	hente_
1833	PajapanNahuat	person	kristianoh_
1834	JalupaNahuat	person	yohomeh
1835	Pipil	person	kristanuh_
1836	ClassicalNahuatl	rain	kiyawtl
1837	TetelcingoNahuatl	rain	kiːyabiːtl
1838	NorthPueblaNahuatl	rain	kiyawitl
1839	MecayapanNahuat	rain	kiahuaːʔ
1840	PajapanNahuat	rain	aːtzonat
1841	JalupaNahuat	rain	chimaːt
1842	Pipil	rain	aːt
1843	Pochutec	rain	yekt
1844	ClassicalNahuatl	red	chiːchiːltik_
1845	TetelcingoNahuatl	red	chichiltiːk
1846	NorthPueblaNahuatl	red	chichiltik
1847	MecayapanNahuat	red	chiːltiʔ
1848	PajapanNahuat	red	tatawik_
1849	JalupaNahuat	red	traik
1850	Pipil	red	chiːltik
1851	ProtoAztecan	red	chiːltɨk_?
1852	ClassicalNahuatl	road	oʔtli
1853	TetelcingoNahuatl	road	ohtliː
1854	NorthPueblaNahuatl	road	ohtli
1855	MecayapanNahuat	road	ohti
1856	PajapanNahuat	road	ohti
1857	JalupaNahuat	road	uhti
1858	Pipil	road	uhti
1859	Pochutec	road	ot’kán
1860	ProtoAztecan	road	ohtlɨ
1861	ClassicalNahuatl	root	nelwatl
1862	TetelcingoNahuatl	root	nelwayutl
1863	NorthPueblaNahuatl	root	nelwatl
1864	MecayapanNahuat	root	nelwaʔ
1865	PajapanNahuat	root	batakson
1866	JalupaNahuat	root	talwat
1867	Pipil	root	nelwat
1868	ProtoAztecan	root	nelwatl_?
1869	ClassicalNahuatl	round	yawaltik_
1870	TetelcingoNahuatl	round	yewaltiːk
1871	NorthPueblaNahuatl	round	yewaltik
1872	MecayapanNahuat	round	yawaltiʔ_
1873	PajapanNahuat	round	monso_
1874	JalupaNahuat	round	tulutztik
1875	Pipil	round	yawalnah_
1876	ProtoAztecan	round	yawaltɨk_?
1877	ClassicalNahuatl	sand	xaːlli
1878	TetelcingoNahuatl	sand	xöliː
1879	NorthPueblaNahuatl	sand	xali
1880	MecayapanNahuat	sand	xaːhli
1881	PajapanNahuat	sand	xaːhli
1882	JalupaNahuat	sand	xaːhli
1883	Pipil	sand	aːxaːl
1884	ProtoAztecan	sand	xaːllɨ
1885	ClassicalNahuatl	say	ʔtoaː_
1886	TetelcingoNahuatl	say	htoa
1887	NorthPueblaNahuatl	say	ihtoa
1888	MecayapanNahuat	say	kihtoa
1889	PajapanNahuat	say	ihtoa
1890	JalupaNahuat	say	ihli
1891	Pipil	say	ilwia
1892	Pochutec	say	ití_
1893	ClassicalNahuatl	see	tta
1894	TetelcingoNahuatl	see	hta
1895	NorthPueblaNahuatl	see	ita
1896	MecayapanNahuat	see	ita
1897	PajapanNahuat	see	ita
1898	JalupaNahuat	see	ira
1899	Pipil	see	ita
1900	Pochutec	see	itá
1901	ProtoAztecan	see	ɨhta
1902	ClassicalNahuatl	seed	achtli
1903	TetelcingoNahuatl	seed	xiːnöchtliː
1904	NorthPueblaNahuatl	seed	achtli
1905	MecayapanNahuat	seed	yoːl
1906	PajapanNahuat	seed	yoːl
1907	JalupaNahuat	seed	yuhlu
1908	Pipil	seed	iːx
1909	Pochutec	seed	axt_
1910	ProtoAztecan	seed	aːchtlɨ
1911	ClassicalNahuatl	sit	motlaːliaː
1912	TetelcingoNahuatl	sit	motlöliːa
1913	NorthPueblaNahuatl	sit	motlalia
1914	MecayapanNahuat	sit	motaːliá
1915	PajapanNahuat	sit	motaːli
1916	JalupaNahuat	sit	muralihtuk_
1917	Pipil	sit	mutaːlia
1918	Pochutec	sit	metzá
1919	ProtoAztecan	sit	motlalɨha
1920	ClassicalNahuatl	skin	eːwatl
1921	TetelcingoNahuatl	skin	yewayo
1922	NorthPueblaNahuatl	skin	yewayo
1923	MecayapanNahuat	skin	kahloːʔ
1924	PajapanNahuat	skin	betax
1925	JalupaNahuat	skin	bwéraxti
1926	Pipil	skin	eːwayu
1927	Pochutec	skin	kwetéxt
1928	ProtoAztecan	skin	eːwatl
1929	ClassicalNahuatl	sleep	koch
1930	TetelcingoNahuatl	sleep	kochiː
1931	NorthPueblaNahuatl	sleep	kochi
1932	MecayapanNahuat	sleep	kochi
1933	PajapanNahuat	sleep	gochi
1934	JalupaNahuat	sleep	kuchi
1935	Pipil	sleep	kuchi
1936	Pochutec	sleep	kochí
1937	ProtoAztecan	sleep	kochɨ
1938	ClassicalNahuatl	smoke	poːktli
1939	TetelcingoNahuatl	smoke	puktliː
1940	NorthPueblaNahuatl	smoke	poktli
1941	MecayapanNahuat	smoke	poːkti
1942	PajapanNahuat	smoke	poːkti
1943	JalupaNahuat	smoke	puːkti
1944	Pipil	smoke	pukti
1945	Pochutec	smoke	apotókt
1946	ProtoAztecan	smoke	poːktlɨ_?
1947	ClassicalNahuatl	stand	moketza
1948	TetelcingoNahuatl	stand	moketza
1949	NorthPueblaNahuatl	stand	motelketza
1950	MecayapanNahuat	stand	moketza
1951	PajapanNahuat	stand	mogetza
1952	JalupaNahuat	stand	ihkatuk_
1953	Pipil	stand	muketza
1954	Pochutec	stand	xmoktzé_
1955	ProtoAztecan	stand	kɨtza
1956	ClassicalNahuatl	star	siːtlalin
1957	TetelcingoNahuatl	star	sitlaliː
1958	NorthPueblaNahuatl	star	sitlali
1959	MecayapanNahuat	star	siːtalin
1960	PajapanNahuat	star	lusero_
1961	JalupaNahuat	star	siːtal
1962	Pipil	star	siːtal
1963	ProtoAztecan	star	sitlalɨm
1964	ClassicalNahuatl	stone	tetl
1965	TetelcingoNahuatl	stone	tietetu
1966	NorthPueblaNahuatl	stone	tetl
1967	MecayapanNahuat	stone	teʔti
1968	PajapanNahuat	stone	tet
1969	JalupaNahuat	stone	xaːltet
1970	Pipil	stone	tet
1971	Pochutec	stone	tot
1972	ProtoAztecan	stone	tətl
1973	ClassicalNahuatl	sun	toːnatiw
1974	TetelcingoNahuatl	sun	tunaliː
1975	NorthPueblaNahuatl	sun	tonaltzintli
1976	MecayapanNahuat	sun	totahtziːn_
1977	PajapanNahuat	sun	toːnati
1978	JalupaNahuat	sun	rontin
1979	Pipil	sun	tuːnal
1980	Pochutec	sun	tunél
1981	ClassicalNahuatl	swim	aːwilaːn
1982	TetelcingoNahuatl	swim	möbiːlöna
1983	NorthPueblaNahuatl	swim	maltiya
1984	MecayapanNahuat	swim	aːpataːni_
1985	PajapanNahuat	swim	aːhkia
1986	ClassicalNahuatl	tail	kwitlapilli
1987	TetelcingoNahuatl	tail	kwiːtlapiːl
1988	NorthPueblaNahuatl	tail	kwitlapil
1989	MecayapanNahuat	tail	kwitapiːl
1990	PajapanNahuat	tail	bitapil
1991	JalupaNahuat	tail	bwirapil
1992	Pipil	tail	kwitlapil
1993	ProtoAztecan	tail	kwitlapɨl
1994	ClassicalNahuatl	that	inoːn
1995	TetelcingoNahuatl	that	iːnu
1996	NorthPueblaNahuatl	that	inon
1997	MecayapanNahuat	that	ineːpa
1998	PajapanNahuat	that	hoːn
1999	JalupaNahuat	that	huːni
2000	Pipil	that	uni
2001	Pochutec	that	namél
2002	ProtoAztecan	that	oːn_?
2003	ClassicalNahuatl	this	iniːn
2004	TetelcingoNahuatl	this	ini
2005	NorthPueblaNahuatl	this	inin
2006	MecayapanNahuat	this	iniːn
2007	PajapanNahuat	this	hiːn
2008	JalupaNahuat	this	hiːni
2009	Pipil	this	ini
2010	Pochutec	this	iná
2011	ProtoAztecan	this	in_?
2012	ClassicalNahuatl	thou	teʔwaːtl
2013	TetelcingoNahuatl	thou	taha
2014	NorthPueblaNahuatl	thou	tehwa
2015	MecayapanNahuat	thou	teh
2016	PajapanNahuat	thou	teha
2017	JalupaNahuat	thou	tehe
2018	Pipil	thou	ta
2019	Pochutec	thou	mwen
2020	ProtoAztecan	thou	təha
2021	ClassicalNahuatl	tongue	nenepilli
2022	TetelcingoNahuatl	tongue	nenepiːl
2023	NorthPueblaNahuatl	tongue	nenepil
2024	MecayapanNahuat	tongue	lenwa_
2025	PajapanNahuat	tongue	nenepil
2026	JalupaNahuat	tongue	neːnepil
2027	Pipil	tongue	nenepil
2028	Pochutec	tongue	nenepíl
2029	ProtoAztecan	tongue	nɨnɨpɨl
2030	ClassicalNahuatl	tooth	tlantli
2031	TetelcingoNahuatl	tooth	tlankoch
2032	NorthPueblaNahuatl	tooth	tlan
2033	MecayapanNahuat	tooth	tanti
2034	PajapanNahuat	tooth	tan
2035	JalupaNahuat	tooth	taːn
2036	Pipil	tooth	tan
2037	ProtoAztecan	tooth	tlan
2038	ClassicalNahuatl	tree	kwawtl
2039	TetelcingoNahuatl	tree	kwabiːtl
2040	NorthPueblaNahuatl	tree	kowitl
2041	MecayapanNahuat	tree	kwawiʔ
2042	PajapanNahuat	tree	bawit
2043	JalupaNahuat	tree	koit
2044	Pipil	tree	kwawit
2045	Pochutec	tree	kwagút
2046	ProtoAztecan	tree	kwawɨtl
2047	ClassicalNahuatl	two	oːme
2048	TetelcingoNahuatl	two	ume
2049	NorthPueblaNahuatl	two	ome
2050	MecayapanNahuat	two	oːme
2051	PajapanNahuat	two	oːme
2052	JalupaNahuat	two	uːme
2053	Pipil	two	uːme
2054	Pochutec	two	omém
2055	ProtoAztecan	two	oːmə
2056	ClassicalNahuatl	walk	neʔnemi
2057	TetelcingoNahuatl	walk	nehnemiː
2058	NorthPueblaNahuatl	walk	nehnemi
2059	MecayapanNahuat	walk	nehnemi
2060	PajapanNahuat	walk	nehnemi
2061	JalupaNahuat	walk	nehnemi
2062	Pipil	walk	nehnemi
2063	Pochutec	walk	uí
2064	ProtoAztecan	walk	nɨhnɨmi
2065	ClassicalNahuatl	warm	totoːnki_
2066	TetelcingoNahuatl	warm	totunkiː_
2067	NorthPueblaNahuatl	warm	totonki_
2068	MecayapanNahuat	warm	totoːniʔ_
2069	PajapanNahuat	warm	totoːnik_
2070	JalupaNahuat	warm	truːnik_
2071	Pipil	warm	tutuːnik_
2072	Pochutec	warm	tuní_
2073	ProtoAztecan	warm	totoːnɨk_?
2074	ClassicalNahuatl	water	aːtl
2075	TetelcingoNahuatl	water	ötzintli_
2076	NorthPueblaNahuatl	water	atl
2077	MecayapanNahuat	water	aːʔti
2078	PajapanNahuat	water	aːt
2079	JalupaNahuat	water	maːt
2080	Pipil	water	aːt
2081	Pochutec	water	at
2082	ProtoAztecan	water	aːtl
2083	ClassicalNahuatl	we	teʔwaːn
2084	TetelcingoNahuatl	we	tehwa
2085	NorthPueblaNahuatl	we	tehwan
2086	MecayapanNahuat	we	tehameh_
2087	PajapanNahuat	we	tehameh
2088	JalupaNahuat	we	tohomen
2089	Pipil	we	tehemet
2090	Pochutec	we	twén
2091	ProtoAztecan	we	təhamɨt
2092	ClassicalNahuatl	what	tle
2093	TetelcingoNahuatl	what	tliniːnu
2094	NorthPueblaNahuatl	what	tlen
2095	MecayapanNahuat	what	teː
2096	PajapanNahuat	what	teː
2097	JalupaNahuat	what	tai
2098	Pipil	what	taː
2099	Pochutec	what	te
2100	ProtoAztecan	what	tla
2101	ClassicalNahuatl	white	istaːk
2102	TetelcingoNahuatl	white	chipːpöwak
2103	NorthPueblaNahuatl	white	istak
2104	MecayapanNahuat	white	istaːʔ
2105	PajapanNahuat	white	istaːk
2106	JalupaNahuat	white	istaːk
2107	Pipil	white	istak
2108	Pochutec	white	chupék_
2109	ProtoAztecan	white	istaːkɨ_?
2110	ClassicalNahuatl	who	aːk
2111	TetelcingoNahuatl	who	ökiːnu
2112	NorthPueblaNahuatl	who	akin
2113	MecayapanNahuat	who	aːʔ
2114	PajapanNahuat	who	aːk
2115	JalupaNahuat	who	aik
2116	Pipil	who	kaː
2117	Pochutec	who	ak
2118	ProtoAztecan	who	aːk
2119	ClassicalNahuatl	woman	siwaːtl
2120	TetelcingoNahuatl	woman	sowatl
2121	NorthPueblaNahuatl	woman	siwatl
2122	MecayapanNahuat	woman	siwaːʔ
2123	PajapanNahuat	woman	soáːt
2124	JalupaNahuat	woman	suwat
2125	Pipil	woman	siwaːt
2126	Pochutec	woman	g’last
2127	ProtoAztecan	woman	si
2128	ClassicalNahuatl	yellow	kostik
2129	TetelcingoNahuatl	yellow	kostiːk
2130	NorthPueblaNahuatl	yellow	kostik
2131	MecayapanNahuat	yellow	kostiʔ
2132	PajapanNahuat	yellow	gostik
2133	JalupaNahuat	yellow	yuksik
2134	Pipil	yellow	tultik
2135	ProtoAztecan	yellow	kostɨk_?
