ID	CONCEPT	DOCULECT	IPA
1	I	ClassicalNahuatl	neʔwaːtl
2	I	TetelcingoNahuatl	naha
3	I	NorthPueblaNahuatl	nehwatl
4	I	MecayapanNahuat	neh
5	I	PajapanNahuat	neha
6	I	JalupaNahuat	nehe
7	I	Pipil	na
8	I	Pochutec	nen
9	I	ProtoAztecan	naha
10	all	ClassicalNahuatl	mochin
11	all	TetelcingoNahuatl	nochiː
12	all	NorthPueblaNahuatl	nochin
13	all	MecayapanNahuat	nochi
14	all	PajapanNahuat	nochi
15	all	JalupaNahuat	muchi
16	all	Pipil	muchi
17	all	Pochutec	nochó
18	all	ProtoAztecan	mochɨm
19	ashes	ClassicalNahuatl	nextli
20	ashes	TetelcingoNahuatl	tlakonextliː
21	ashes	NorthPueblaNahuatl	tlekonextli
22	ashes	MecayapanNahuat	kwaneːx
23	ashes	PajapanNahuat	baneːx
24	ashes	JalupaNahuat	kónexti
25	ashes	Pipil	nexti
26	ashes	Pochutec	noxt
27	ashes	ProtoAztecan	nɨxtlɨ
28	bark	ClassicalNahuatl	eːwatl
29	bark	TetelcingoNahuatl	yewayutl
30	bark	NorthPueblaNahuatl	yewayo
31	bark	MecayapanNahuat	kwakahloːʔ
32	bark	PajapanNahuat	bagahlo
33	bark	JalupaNahuat	sulkoi
34	bark	Pipil	eːwayu
35	bark	ProtoAztecan	ɨwaːyoːtl
36	bite	ClassicalNahuatl	keʔtzom
37	bite	TetelcingoNahuatl	ketzoma
38	bite	NorthPueblaNahuatl	tlankechiya
39	bite	MecayapanNahuat	tankwa
40	bite	PajapanNahuat	tamba
41	bite	Pipil	tankwa
42	bite	ProtoAztecan	kɨhtzoma
43	black	ClassicalNahuatl	tliːltik
44	black	TetelcingoNahuatl	tliltiːk
45	black	NorthPueblaNahuatl	tliltik
46	black	MecayapanNahuat	piːstiʔ
47	black	PajapanNahuat	pistik
48	black	JalupaNahuat	yayák
49	black	Pipil	tiːltik_
50	black	ProtoAztecan	tliːltɨk
51	blood	ClassicalNahuatl	estli
52	blood	TetelcingoNahuatl	yestliː
53	blood	NorthPueblaNahuatl	yestli
54	blood	MecayapanNahuat	esti
55	blood	PajapanNahuat	esti
56	blood	JalupaNahuat	esti
57	blood	Pipil	esti
58	blood	Pochutec	est
59	blood	ProtoAztecan	ɨstlɨ
60	bone	ClassicalNahuatl	omitl
61	bone	TetelcingoNahuatl	miːmiːtetl
62	bone	NorthPueblaNahuatl	ohmitl
63	bone	MecayapanNahuat	omiʔ
64	bone	PajapanNahuat	omit
65	bone	JalupaNahuat	umit
66	bone	Pipil	uːmit
67	bone	Pochutec	ot
68	bone	ProtoAztecan	oːmɨtl
69	burn	ClassicalNahuatl	tlatiaː
70	burn	TetelcingoNahuatl	tlatia
71	burn	NorthPueblaNahuatl	tititza
72	burn	MecayapanNahuat	tatiá
73	burn	PajapanNahuat	tata
74	burn	JalupaNahuat	tati
75	burn	Pipil	tatia
76	burn	Pochutec	tatí
77	burn	ProtoAztecan	tlatɨha
78	claw	ClassicalNahuatl	istetl
79	claw	TetelcingoNahuatl	iste
80	claw	NorthPueblaNahuatl	istn
81	claw	MecayapanNahuat	isti
82	claw	PajapanNahuat	isti
83	claw	JalupaNahuat	isti
84	claw	Pipil	istit
85	claw	Pochutec	oxt
86	claw	ProtoAztecan	ɨstɨ
87	cloud	ClassicalNahuatl	mixtli
88	cloud	TetelcingoNahuatl	mextliː
89	cloud	NorthPueblaNahuatl	mextli
90	cloud	MecayapanNahuat	mixti
91	cloud	PajapanNahuat	miːxti
92	cloud	Pipil	mixti
93	cloud	Pochutec	pixt?
94	cloud	ProtoAztecan	mixtlɨ
95	cold	ClassicalNahuatl	iːtztik
96	cold	TetelcingoNahuatl	itztiːk
97	cold	NorthPueblaNahuatl	itztik
98	cold	MecayapanNahuat	seseːʔ
99	cold	PajapanNahuat	seseːk
100	cold	JalupaNahuat	sesek
101	cold	Pipil	sesek
102	cold	Pochutec	piná
103	cold	ProtoAztecan	sesek
104	come	ClassicalNahuatl	witz
105	come	TetelcingoNahuatl	ibitz
106	come	NorthPueblaNahuatl	witz
107	come	MecayapanNahuat	wiːʔ
108	come	PajapanNahuat	wiːtz
109	come	JalupaNahuat	ñotz
110	come	Pipil	wiːtz
111	come	Pochutec	witz
112	come	ProtoAztecan	wiːtz_
113	die	ClassicalNahuatl	mik
114	die	TetelcingoNahuatl	miːkiː
115	die	NorthPueblaNahuatl	miki
116	die	MecayapanNahuat	miki
117	die	PajapanNahuat	migi
118	die	JalupaNahuat	miki
119	die	Pipil	miki
120	die	Pochutec	mok
121	die	ProtoAztecan	mɨki
122	dog	ClassicalNahuatl	chichi
123	dog	TetelcingoNahuatl	chiːchiːtu
124	dog	NorthPueblaNahuatl	chichi
125	dog	MecayapanNahuat	peːlo_
126	dog	PajapanNahuat	pelo_
127	dog	JalupaNahuat	chuchu
128	dog	Pipil	peːlu_
129	dog	Pochutec	tachóm
130	drink	ClassicalNahuatl	oniː_
131	drink	TetelcingoNahuatl	oni
132	drink	NorthPueblaNahuatl	oni
133	drink	MecayapanNahuat	oniá
134	drink	PajapanNahuat	oni
135	drink	JalupaNahuat	xik
136	drink	Pipil	uni
137	drink	Pochutec	temí_
138	drink	ProtoAztecan	ihi
139	dry	ClassicalNahuatl	waːkki
140	dry	TetelcingoNahuatl	wahkiː
141	dry	NorthPueblaNahuatl	wahki
142	dry	MecayapanNahuat	waːktoʔ
143	dry	PajapanNahuat	waːktok
144	dry	JalupaNahuat	waktuk
145	dry	Pipil	waːktuk
146	dry	Pochutec	wak
147	dry	ProtoAztecan	waːk
148	ear	ClassicalNahuatl	nakastli
149	ear	TetelcingoNahuatl	nakas
150	ear	NorthPueblaNahuatl	nakas
151	ear	MecayapanNahuat	nakas
152	ear	PajapanNahuat	nagas
153	ear	JalupaNahuat	nakas
154	ear	Pipil	nakas
155	ear	Pochutec	nekést
156	ear	ProtoAztecan	nakastlɨ
157	earth	ClassicalNahuatl	tlaːlli
158	earth	TetelcingoNahuatl	tlöliː
159	earth	NorthPueblaNahuatl	tlali
160	earth	MecayapanNahuat	taːhli
161	earth	PajapanNahuat	taːhli
162	earth	JalupaNahuat	tahli
163	earth	Pipil	taːl
164	earth	Pochutec	tal
165	earth	ProtoAztecan	tlaːllɨ
166	eat	ClassicalNahuatl	kwaː
167	eat	TetelcingoNahuatl	kwa
168	eat	NorthPueblaNahuatl	kwa
169	eat	MecayapanNahuat	kwa
170	eat	PajapanNahuat	baː
171	eat	JalupaNahuat	bwaː
172	eat	Pipil	kwa
173	eat	Pochutec	kwa
174	eat	ProtoAztecan	kwahaː
175	egg	ClassicalNahuatl	toːtoltetl
176	egg	TetelcingoNahuatl	tutoltetl
177	egg	NorthPueblaNahuatl	totoltetl
178	egg	MecayapanNahuat	teksis
179	egg	PajapanNahuat	teksis
180	egg	JalupaNahuat	piltzin
181	egg	Pipil	teksisti
182	egg	Pochutec	titót
183	eye	ClassicalNahuatl	iːxteloloʔ
184	eye	TetelcingoNahuatl	ixtelolo
185	eye	NorthPueblaNahuatl	ixtelolo
186	eye	MecayapanNahuat	iːx
187	eye	PajapanNahuat	iːxtololo
188	eye	JalupaNahuat	iːx
189	eye	Pipil	iːx
190	eye	Pochutec	ixtotolút
191	eye	ProtoAztecan	iːx
192	grease	ClassicalNahuatl	chiyaːwistli
193	grease	TetelcingoNahuatl	manteka_
194	grease	NorthPueblaNahuatl	chiaktli
195	grease	MecayapanNahuat	tomahka_
196	grease	PajapanNahuat	mantega_
197	grease	JalupaNahuat	manteka_
198	feather	ClassicalNahuatl	ihwitl
199	feather	TetelcingoNahuatl	tohmitl_
200	feather	NorthPueblaNahuatl	ihwitl
201	feather	MecayapanNahuat	tzohmiʔ
202	feather	PajapanNahuat	tzohmit
203	feather	JalupaNahuat	iyuhwiyu
204	feather	Pipil	uhmiyu
205	feather	ProtoAztecan	ɨ?wɨ
206	fire	ClassicalNahuatl	tletl
207	fire	TetelcingoNahuatl	tletzintliː
208	fire	NorthPueblaNahuatl	tletl
209	fire	MecayapanNahuat	tiʔti
210	fire	PajapanNahuat	tit
211	fire	JalupaNahuat	tit
212	fire	Pipil	tiːt
213	fire	Pochutec	tet
214	fire	ProtoAztecan	tlahitl
215	fish	ClassicalNahuatl	michin
216	fish	TetelcingoNahuatl	miːchiː
217	fish	NorthPueblaNahuatl	michi
218	fish	MecayapanNahuat	toːpoh
219	fish	PajapanNahuat	toːpoh
220	fish	JalupaNahuat	xeːneh
221	fish	Pipil	michin
222	fish	Pochutec	michóm
223	fish	ProtoAztecan	mɨchɨm
224	foot	ClassicalNahuatl	kxitl
225	foot	TetelcingoNahuatl	ikxiː
226	foot	NorthPueblaNahuatl	ikxi
227	foot	MecayapanNahuat	ikxi
228	foot	PajapanNahuat	ikxi
229	foot	JalupaNahuat	ikxi
230	foot	Pipil	kxi
231	foot	Pochutec	no
232	foot	ProtoAztecan	ɨkxɨ
233	full	ClassicalNahuatl	teːntok
234	full	TetelcingoNahuatl	tientiːka
235	full	NorthPueblaNahuatl	tentok
236	full	MecayapanNahuat	teːntoʔ
237	full	PajapanNahuat	teːntok
238	full	JalupaNahuat	neːtik
239	full	Pipil	teːntuk
240	full	ProtoAztecan	teːntok
241	give	ClassicalNahuatl	maka
242	give	TetelcingoNahuatl	maka
243	give	NorthPueblaNahuatl	maka
244	give	MecayapanNahuat	maka
245	give	PajapanNahuat	maga
246	give	JalupaNahuat	ma
247	give	Pipil	maka
248	give	Pochutec	meká
249	give	ProtoAztecan	maka
250	good	ClassicalNahuatl	kwalli
251	good	TetelcingoNahuatl	kwaliː
252	good	NorthPueblaNahuatl	kwali
253	good	MecayapanNahuat	yeːkti
254	good	PajapanNahuat	yekti
255	good	JalupaNahuat	yekti
256	good	Pipil	yeːk
257	good	Pochutec	ulík_
258	good	ProtoAztecan	yeːktlɨ
259	good	ClassicalNahuatl	yektli
260	good	ProtoAztecan	yeːktlɨ
261	green	ClassicalNahuatl	xoxoktik
262	green	TetelcingoNahuatl	xoxoktiːk
263	green	NorthPueblaNahuatl	xoxoktik
264	green	MecayapanNahuat	xoxoktiʔ
265	green	PajapanNahuat	xoxoktik
266	green	JalupaNahuat	xuxuík
267	green	Pipil	xuxuwik
268	green	Pochutec	xwi
269	hair	ClassicalNahuatl	tzontli
270	hair	TetelcingoNahuatl	tzontliː
271	hair	NorthPueblaNahuatl	tzontli
272	hair	MecayapanNahuat	tzonkal
273	hair	PajapanNahuat	tzongal
274	hair	JalupaNahuat	tzunti
275	hair	Pipil	tzunkal
276	hair	Pochutec	tzon
277	hair	ProtoAztecan	tzom
278	hand	ClassicalNahuatl	maː
279	hand	TetelcingoNahuatl	mö
280	hand	NorthPueblaNahuatl	man
281	hand	MecayapanNahuat	mayiʔ
282	hand	PajapanNahuat	maː
283	hand	JalupaNahuat	maːn
284	hand	Pipil	mey
285	hand	Pochutec	maí
286	hand	ProtoAztecan	mah
287	head	ClassicalNahuatl	kwaːtl
288	head	TetelcingoNahuatl	tzonteko
289	head	NorthPueblaNahuatl	tzonteko
290	head	MecayapanNahuat	tzontekon
291	head	PajapanNahuat	tzontegon
292	head	JalupaNahuat	tzuntekon
293	head	Pipil	tzuntekumat
294	head	Pochutec	kwaít
295	head	ProtoAztecan	kwah
296	hear	ClassicalNahuatl	kak
297	hear	TetelcingoNahuatl	kakiː
298	hear	NorthPueblaNahuatl	kaki
299	hear	MecayapanNahuat	kaki
300	hear	PajapanNahuat	gagi
301	hear	JalupaNahuat	kai
302	hear	Pipil	kaːki
303	hear	Pochutec	kekí
304	hear	ProtoAztecan	kaki
305	heart	ClassicalNahuatl	yoːlli
306	heart	TetelcingoNahuatl	yulohtliː
307	heart	NorthPueblaNahuatl	yolo
308	heart	MecayapanNahuat	yaːlmah_
309	heart	PajapanNahuat	alma_
310	heart	JalupaNahuat	yuhlu
311	heart	Pipil	yul
312	heart	Pochutec	n
313	heart	ProtoAztecan	yoːl
314	horn	ClassicalNahuatl	kwaːkwawtl
315	horn	NorthPueblaNahuatl	kwakow
316	horn	MecayapanNahuat	kwaːkwa
317	horn	PajapanNahuat	baːbaː
318	horn	JalupaNahuat	kokoit
319	horn	Pipil	kachoh_
320	kill	ClassicalNahuatl	mikiːtiaː
321	kill	TetelcingoNahuatl	miːktiːa
322	kill	NorthPueblaNahuatl	miktia
323	kill	MecayapanNahuat	miktia
324	kill	PajapanNahuat	miktia
325	kill	JalupaNahuat	mikti
326	kill	Pipil	miktia
327	kill	Pochutec	moktí
328	kill	ProtoAztecan	mɨktɨha
329	knee	ClassicalNahuatl	tlankwai
330	knee	TetelcingoNahuatl	tlankwate
331	knee	NorthPueblaNahuatl	tlankwa
332	knee	MecayapanNahuat	tankwaːʔ
333	knee	PajapanNahuat	tamba
334	knee	JalupaNahuat	tambwan
335	knee	Pipil	tewahka
336	knee	ProtoAztecan	tlankwah
337	know	ClassicalNahuatl	mat
338	know	TetelcingoNahuatl	matiː
339	know	NorthPueblaNahuatl	mati
340	know	MecayapanNahuat	mati
341	know	PajapanNahuat	mati
342	know	JalupaNahuat	ma
343	know	Pipil	mati
344	know	Pochutec	metí
345	know	ProtoAztecan	mati
346	leaf	ClassicalNahuatl	iswatl
347	leaf	TetelcingoNahuatl	xiːbiːtl
348	leaf	NorthPueblaNahuatl	xiwitl
349	leaf	MecayapanNahuat	iswaʔ
350	leaf	PajapanNahuat	iswat
351	leaf	JalupaNahuat	iswat
352	leaf	Pipil	iswat
353	leaf	Pochutec	xut
354	leaf	ProtoAztecan	ɨswatl
355	lie	ClassicalNahuatl	moteːka
356	lie	TetelcingoNahuatl	motieka
357	lie	NorthPueblaNahuatl	moteka
358	lie	MecayapanNahuat	moteːca
359	lie	PajapanNahuat	motega
360	lie	JalupaNahuat	murekak_
361	lie	Pipil	muteːka
362	lie	Pochutec	teké
363	lie	ProtoAztecan	moteːka
364	liver	ClassicalNahuatl	eːlli
365	liver	NorthPueblaNahuatl	yeltlapach
366	liver	MecayapanNahuat	yoːl
367	liver	Pipil	eltapach
368	long	ClassicalNahuatl	weːiyak
369	long	TetelcingoNahuatl	beyak
370	long	NorthPueblaNahuatl	weyak
371	long	MecayapanNahuat	weːyaktiʔ
372	long	PajapanNahuat	weːyak
373	long	JalupaNahuat	weyak
374	long	Pipil	weyak
375	long	ProtoAztecan	weheyak
376	louse	ClassicalNahuatl	atemitl
377	louse	TetelcingoNahuatl	atiːmiːtl
378	louse	NorthPueblaNahuatl	pioho_
379	louse	MecayapanNahuat	atimiʔ
380	louse	PajapanNahuat	aːtin
381	louse	JalupaNahuat	aːtin
382	louse	Pipil	atimet
383	louse	Pochutec	atómt
384	louse	ProtoAztecan	atɨmɨtl
385	man	ClassicalNahuatl	taːkatl
386	man	TetelcingoNahuatl	umbre_
387	man	NorthPueblaNahuatl	tlakatl
388	man	MecayapanNahuat	taːgaʔ
389	man	PajapanNahuat	taːgat
390	man	JalupaNahuat	taːkat
391	man	Pipil	taːkat
392	man	Pochutec	okóxt
393	man	ProtoAztecan	tlaːkatl
394	many	ClassicalNahuatl	miakiːn
395	many	TetelcingoNahuatl	meyak
396	many	NorthPueblaNahuatl	miak
397	many	MecayapanNahuat	miaʔ_
398	many	PajapanNahuat	miak_
399	many	JalupaNahuat	miakpa_
400	many	Pipil	miyak_
401	many	Pochutec	asók_
402	many	ProtoAztecan	mɨyak
403	meat	ClassicalNahuatl	nakatl
404	meat	TetelcingoNahuatl	nakatl
405	meat	NorthPueblaNahuatl	nakatl
406	meat	MecayapanNahuat	nakaʔ
407	meat	PajapanNahuat	nagat
408	meat	JalupaNahuat	nakat
409	meat	Pipil	nakat
410	meat	Pochutec	nekét_
411	meat	ProtoAztecan	nakatl
412	moon	ClassicalNahuatl	meːtztli
413	moon	TetelcingoNahuatl	mietztliː
414	moon	NorthPueblaNahuatl	metztli
415	moon	MecayapanNahuat	meːtzti
416	moon	PajapanNahuat	meːsti
417	moon	JalupaNahuat	meːtzti
418	moon	Pipil	meːtzti
419	moon	Pochutec	mest
420	moon	ProtoAztecan	meːtztlɨ
421	mountain	ClassicalNahuatl	tepeːtl
422	mountain	TetelcingoNahuatl	tepietl
423	mountain	NorthPueblaNahuatl	tepetl
424	mountain	MecayapanNahuat	tepeːʔ
425	mountain	PajapanNahuat	tepeːt
426	mountain	Pipil	tepeːt
427	mountain	ProtoAztecan	tɨpeːtl
428	mouth	ClassicalNahuatl	kamtl
429	mouth	TetelcingoNahuatl	kamak
430	mouth	NorthPueblaNahuatl	kamak
431	mouth	MecayapanNahuat	teːn
432	mouth	PajapanNahuat	teːn
433	mouth	JalupaNahuat	teːn
434	mouth	Pipil	teːn
435	mouth	Pochutec	ten
436	mouth	ProtoAztecan	teːntlɨ
437	name	ClassicalNahuatl	toːkaːtl
438	name	TetelcingoNahuatl	tukö
439	name	NorthPueblaNahuatl	tokahtli
440	name	MecayapanNahuat	toːkaːʔ
441	name	PajapanNahuat	toga
442	name	JalupaNahuat	tuwan
443	name	Pipil	tuːkey
444	name	Pochutec	kul
445	name	ProtoAztecan	toːkaːhɨtl
446	neck	ClassicalNahuatl	kechtli
447	neck	TetelcingoNahuatl	kechkochtla
448	neck	NorthPueblaNahuatl	kech
449	neck	MecayapanNahuat	kech
450	neck	PajapanNahuat	geːch
451	neck	JalupaNahuat	kech
452	neck	Pipil	kechkuːyu
453	neck	Pochutec	koxt_
454	neck	ProtoAztecan	kəchtlɨ
455	new	ClassicalNahuatl	yankwik
456	new	TetelcingoNahuatl	yankwiːk
457	new	NorthPueblaNahuatl	yankwik
458	new	MecayapanNahuat	yamkwiʔ
459	new	PajapanNahuat	yambik
460	new	JalupaNahuat	yambwik
461	new	Pipil	yankwik
462	new	ProtoAztecan	yankwik
463	night	ClassicalNahuatl	yowalli
464	night	TetelcingoNahuatl	yowaliː
465	night	NorthPueblaNahuatl	yowali
466	night	MecayapanNahuat	yowal
467	night	PajapanNahuat	tayoá
468	night	JalupaNahuat	tayuwak
469	night	Pipil	tayuwa
470	night	Pochutec	owél
471	night	ProtoAztecan	yowallɨ
472	nose	ClassicalNahuatl	yaktl
473	nose	TetelcingoNahuatl	yekatzol
474	nose	NorthPueblaNahuatl	yekak
475	nose	MecayapanNahuat	yakti
476	nose	PajapanNahuat	yagat
477	nose	JalupaNahuat	yak
478	nose	Pipil	yak
479	nose	Pochutec	yekét
480	nose	ProtoAztecan	yakatl
481	not	ClassicalNahuatl	aʔmoː
482	not	TetelcingoNahuatl	amo
483	not	NorthPueblaNahuatl	ahmo
484	not	MecayapanNahuat	ayaːʔ
485	not	PajapanNahuat	amó
486	not	JalupaNahuat	te
487	not	Pipil	teː_tesu
488	not	Pochutec	as
489	one	ClassicalNahuatl	seː_
490	one	TetelcingoNahuatl	sie
491	one	NorthPueblaNahuatl	seya
492	one	MecayapanNahuat	seː
493	one	PajapanNahuat	se
494	one	JalupaNahuat	se
495	one	Pipil	seː
496	one	Pochutec	se
497	one	ProtoAztecan	seː
498	person	ClassicalNahuatl	tlaːkatl
499	person	TetelcingoNahuatl	hiente_
500	person	MecayapanNahuat	hente_
501	person	PajapanNahuat	kristianoh_
502	person	JalupaNahuat	yohomeh
503	person	Pipil	kristanuh_
504	rain	ClassicalNahuatl	kiyawtl
505	rain	TetelcingoNahuatl	kiːyabiːtl
506	rain	NorthPueblaNahuatl	kiyawitl
507	rain	MecayapanNahuat	kiahuaːʔ
508	rain	PajapanNahuat	aːtzonat
509	rain	JalupaNahuat	chimaːt
510	rain	Pipil	aːt
511	rain	Pochutec	yekt
512	red	ClassicalNahuatl	chiːchiːltik_
513	red	TetelcingoNahuatl	chichiltiːk
514	red	NorthPueblaNahuatl	chichiltik
515	red	MecayapanNahuat	chiːltiʔ
516	red	PajapanNahuat	tatawik_
517	red	JalupaNahuat	traik
518	red	Pipil	chiːltik
519	red	ProtoAztecan	chiːltɨk_?
520	road	ClassicalNahuatl	oʔtli
521	road	TetelcingoNahuatl	ohtliː
522	road	NorthPueblaNahuatl	ohtli
523	road	MecayapanNahuat	ohti
524	road	PajapanNahuat	ohti
525	road	JalupaNahuat	uhti
526	road	Pipil	uhti
527	road	Pochutec	ot’kán
528	road	ProtoAztecan	ohtlɨ
529	root	ClassicalNahuatl	nelwatl
530	root	TetelcingoNahuatl	nelwayutl
531	root	NorthPueblaNahuatl	nelwatl
532	root	MecayapanNahuat	nelwaʔ
533	root	PajapanNahuat	batakson
534	root	JalupaNahuat	talwat
535	root	Pipil	nelwat
536	root	ProtoAztecan	nelwatl_?
537	round	ClassicalNahuatl	yawaltik_
538	round	TetelcingoNahuatl	yewaltiːk
539	round	NorthPueblaNahuatl	yewaltik
540	round	MecayapanNahuat	yawaltiʔ_
541	round	PajapanNahuat	monso_
542	round	JalupaNahuat	tulutztik
543	round	Pipil	yawalnah_
544	round	ProtoAztecan	yawaltɨk_?
545	sand	ClassicalNahuatl	xaːlli
546	sand	TetelcingoNahuatl	xöliː
547	sand	NorthPueblaNahuatl	xali
548	sand	MecayapanNahuat	xaːhli
549	sand	PajapanNahuat	xaːhli
550	sand	JalupaNahuat	xaːhli
551	sand	Pipil	aːxaːl
552	sand	ProtoAztecan	xaːllɨ
553	say	ClassicalNahuatl	ʔtoaː_
554	say	TetelcingoNahuatl	htoa
555	say	NorthPueblaNahuatl	ihtoa
556	say	MecayapanNahuat	kihtoa
557	say	PajapanNahuat	ihtoa
558	say	JalupaNahuat	ihli
559	say	Pipil	ilwia
560	say	Pochutec	ití_
561	see	ClassicalNahuatl	tta
562	see	TetelcingoNahuatl	hta
563	see	NorthPueblaNahuatl	ita
564	see	MecayapanNahuat	ita
565	see	PajapanNahuat	ita
566	see	JalupaNahuat	ira
567	see	Pipil	ita
568	see	Pochutec	itá
569	see	ProtoAztecan	ɨhta
570	seed	ClassicalNahuatl	achtli
571	seed	TetelcingoNahuatl	xiːnöchtliː
572	seed	NorthPueblaNahuatl	achtli
573	seed	MecayapanNahuat	yoːl
574	seed	PajapanNahuat	yoːl
575	seed	JalupaNahuat	yuhlu
576	seed	Pipil	iːx
577	seed	Pochutec	axt_
578	seed	ProtoAztecan	aːchtlɨ
579	sit	ClassicalNahuatl	motlaːliaː
580	sit	TetelcingoNahuatl	motlöliːa
581	sit	NorthPueblaNahuatl	motlalia
582	sit	MecayapanNahuat	motaːliá
583	sit	PajapanNahuat	motaːli
584	sit	JalupaNahuat	muralihtuk_
585	sit	Pipil	mutaːlia
586	sit	Pochutec	metzá
587	sit	ProtoAztecan	motlalɨha
588	skin	ClassicalNahuatl	eːwatl
589	skin	TetelcingoNahuatl	yewayo
590	skin	NorthPueblaNahuatl	yewayo
591	skin	MecayapanNahuat	kahloːʔ
592	skin	PajapanNahuat	betax
593	skin	JalupaNahuat	bwéraxti
594	skin	Pipil	eːwayu
595	skin	Pochutec	kwetéxt
596	skin	ProtoAztecan	eːwatl
597	sleep	ClassicalNahuatl	koch
598	sleep	TetelcingoNahuatl	kochiː
599	sleep	NorthPueblaNahuatl	kochi
600	sleep	MecayapanNahuat	kochi
601	sleep	PajapanNahuat	gochi
602	sleep	JalupaNahuat	kuchi
603	sleep	Pipil	kuchi
604	sleep	Pochutec	kochí
605	sleep	ProtoAztecan	kochɨ
606	smoke	ClassicalNahuatl	poːktli
607	smoke	TetelcingoNahuatl	puktliː
608	smoke	NorthPueblaNahuatl	poktli
609	smoke	MecayapanNahuat	poːkti
610	smoke	PajapanNahuat	poːkti
611	smoke	JalupaNahuat	puːkti
612	smoke	Pipil	pukti
613	smoke	Pochutec	apotókt
614	smoke	ProtoAztecan	poːktlɨ_?
615	stand	ClassicalNahuatl	moketza
616	stand	TetelcingoNahuatl	moketza
617	stand	NorthPueblaNahuatl	motelketza
618	stand	MecayapanNahuat	moketza
619	stand	PajapanNahuat	mogetza
620	stand	JalupaNahuat	ihkatuk_
621	stand	Pipil	muketza
622	stand	Pochutec	xmoktzé_
623	stand	ProtoAztecan	kɨtza
624	star	ClassicalNahuatl	siːtlalin
625	star	TetelcingoNahuatl	sitlaliː
626	star	NorthPueblaNahuatl	sitlali
627	star	MecayapanNahuat	siːtalin
628	star	PajapanNahuat	lusero_
629	star	JalupaNahuat	siːtal
630	star	Pipil	siːtal
631	star	ProtoAztecan	sitlalɨm
632	stone	ClassicalNahuatl	tetl
633	stone	TetelcingoNahuatl	tietetu
634	stone	NorthPueblaNahuatl	tetl
635	stone	MecayapanNahuat	teʔti
636	stone	PajapanNahuat	tet
637	stone	JalupaNahuat	xaːltet
638	stone	Pipil	tet
639	stone	Pochutec	tot
640	stone	ProtoAztecan	tətl
641	sun	ClassicalNahuatl	toːnatiw
642	sun	TetelcingoNahuatl	tunaliː
643	sun	NorthPueblaNahuatl	tonaltzintli
644	sun	MecayapanNahuat	totahtziːn_
645	sun	PajapanNahuat	toːnati
646	sun	JalupaNahuat	rontin
647	sun	Pipil	tuːnal
648	sun	Pochutec	tunél
649	swim	ClassicalNahuatl	aːwilaːn
650	swim	TetelcingoNahuatl	möbiːlöna
651	swim	NorthPueblaNahuatl	maltiya
652	swim	MecayapanNahuat	aːpataːni_
653	swim	PajapanNahuat	aːhkia
654	tail	ClassicalNahuatl	kwitlapilli
655	tail	TetelcingoNahuatl	kwiːtlapiːl
656	tail	NorthPueblaNahuatl	kwitlapil
657	tail	MecayapanNahuat	kwitapiːl
658	tail	PajapanNahuat	bitapil
659	tail	JalupaNahuat	bwirapil
660	tail	Pipil	kwitlapil
661	tail	ProtoAztecan	kwitlapɨl
662	that	ClassicalNahuatl	inoːn
663	that	TetelcingoNahuatl	iːnu
664	that	NorthPueblaNahuatl	inon
665	that	MecayapanNahuat	ineːpa
666	that	PajapanNahuat	hoːn
667	that	JalupaNahuat	huːni
668	that	Pipil	uni
669	that	Pochutec	namél
670	that	ProtoAztecan	oːn_?
671	this	ClassicalNahuatl	iniːn
672	this	TetelcingoNahuatl	ini
673	this	NorthPueblaNahuatl	inin
674	this	MecayapanNahuat	iniːn
675	this	PajapanNahuat	hiːn
676	this	JalupaNahuat	hiːni
677	this	Pipil	ini
678	this	Pochutec	iná
679	this	ProtoAztecan	in_?
680	thou	ClassicalNahuatl	teʔwaːtl
681	thou	TetelcingoNahuatl	taha
682	thou	NorthPueblaNahuatl	tehwa
683	thou	MecayapanNahuat	teh
684	thou	PajapanNahuat	teha
685	thou	JalupaNahuat	tehe
686	thou	Pipil	ta
687	thou	Pochutec	mwen
688	thou	ProtoAztecan	təha
689	tongue	ClassicalNahuatl	nenepilli
690	tongue	TetelcingoNahuatl	nenepiːl
691	tongue	NorthPueblaNahuatl	nenepil
692	tongue	MecayapanNahuat	lenwa_
693	tongue	PajapanNahuat	nenepil
694	tongue	JalupaNahuat	neːnepil
695	tongue	Pipil	nenepil
696	tongue	Pochutec	nenepíl
697	tongue	ProtoAztecan	nɨnɨpɨl
698	tooth	ClassicalNahuatl	tlantli
699	tooth	TetelcingoNahuatl	tlankoch
700	tooth	NorthPueblaNahuatl	tlan
701	tooth	MecayapanNahuat	tanti
702	tooth	PajapanNahuat	tan
703	tooth	JalupaNahuat	taːn
704	tooth	Pipil	tan
705	tooth	ProtoAztecan	tlan
706	tree	ClassicalNahuatl	kwawtl
707	tree	TetelcingoNahuatl	kwabiːtl
708	tree	NorthPueblaNahuatl	kowitl
709	tree	MecayapanNahuat	kwawiʔ
710	tree	PajapanNahuat	bawit
711	tree	JalupaNahuat	koit
712	tree	Pipil	kwawit
713	tree	Pochutec	kwagút
714	tree	ProtoAztecan	kwawɨtl
715	two	ClassicalNahuatl	oːme
716	two	TetelcingoNahuatl	ume
717	two	NorthPueblaNahuatl	ome
718	two	MecayapanNahuat	oːme
719	two	PajapanNahuat	oːme
720	two	JalupaNahuat	uːme
721	two	Pipil	uːme
722	two	Pochutec	omém
723	two	ProtoAztecan	oːmə
724	walk	ClassicalNahuatl	neʔnemi
725	walk	TetelcingoNahuatl	nehnemiː
726	walk	NorthPueblaNahuatl	nehnemi
727	walk	MecayapanNahuat	nehnemi
728	walk	PajapanNahuat	nehnemi
729	walk	JalupaNahuat	nehnemi
730	walk	Pipil	nehnemi
731	walk	Pochutec	uí
732	walk	ProtoAztecan	nɨhnɨmi
733	warm	ClassicalNahuatl	totoːnki_
734	warm	TetelcingoNahuatl	totunkiː_
735	warm	NorthPueblaNahuatl	totonki_
736	warm	MecayapanNahuat	totoːniʔ_
737	warm	PajapanNahuat	totoːnik_
738	warm	JalupaNahuat	truːnik_
739	warm	Pipil	tutuːnik_
740	warm	Pochutec	tuní_
741	warm	ProtoAztecan	totoːnɨk_?
742	water	ClassicalNahuatl	aːtl
743	water	TetelcingoNahuatl	ötzintli_
744	water	NorthPueblaNahuatl	atl
745	water	MecayapanNahuat	aːʔti
746	water	PajapanNahuat	aːt
747	water	JalupaNahuat	maːt
748	water	Pipil	aːt
749	water	Pochutec	at
750	water	ProtoAztecan	aːtl
751	we	ClassicalNahuatl	teʔwaːn
752	we	TetelcingoNahuatl	tehwa
753	we	NorthPueblaNahuatl	tehwan
754	we	MecayapanNahuat	tehameh_
755	we	PajapanNahuat	tehameh
756	we	JalupaNahuat	tohomen
757	we	Pipil	tehemet
758	we	Pochutec	twén
759	we	ProtoAztecan	təhamɨt
760	what	ClassicalNahuatl	tle
761	what	TetelcingoNahuatl	tliniːnu
762	what	NorthPueblaNahuatl	tlen
763	what	MecayapanNahuat	teː
764	what	PajapanNahuat	teː
765	what	JalupaNahuat	tai
766	what	Pipil	taː
767	what	Pochutec	te
768	what	ProtoAztecan	tla
769	white	ClassicalNahuatl	istaːk
770	white	TetelcingoNahuatl	chipːpöwak
771	white	NorthPueblaNahuatl	istak
772	white	MecayapanNahuat	istaːʔ
773	white	PajapanNahuat	istaːk
774	white	JalupaNahuat	istaːk
775	white	Pipil	istak
776	white	Pochutec	chupék_
777	white	ProtoAztecan	istaːkɨ_?
778	who	ClassicalNahuatl	aːk
779	who	TetelcingoNahuatl	ökiːnu
780	who	NorthPueblaNahuatl	akin
781	who	MecayapanNahuat	aːʔ
782	who	PajapanNahuat	aːk
783	who	JalupaNahuat	aik
784	who	Pipil	kaː
785	who	Pochutec	ak
786	who	ProtoAztecan	aːk
787	woman	ClassicalNahuatl	siwaːtl
788	woman	TetelcingoNahuatl	sowatl
789	woman	NorthPueblaNahuatl	siwatl
790	woman	MecayapanNahuat	siwaːʔ
791	woman	PajapanNahuat	soáːt
792	woman	JalupaNahuat	suwat
793	woman	Pipil	siwaːt
794	woman	Pochutec	g’last
795	woman	ProtoAztecan	si
796	yellow	ClassicalNahuatl	kostik
797	yellow	TetelcingoNahuatl	kostiːk
798	yellow	NorthPueblaNahuatl	kostik
799	yellow	MecayapanNahuat	kostiʔ
800	yellow	PajapanNahuat	gostik
801	yellow	JalupaNahuat	yuksik
802	yellow	Pipil	tultik
803	yellow	ProtoAztecan	kostɨk_?
